Running HiGHS 1.15.1 (git hash: d547a3ad8a): Copyright (c) 2026 under MIT licence terms
Includes third-party software components, see THIRD_PARTY_NOTICES.md for full details
Command line parsed using CLI11 2.5.0: Copyright (c) 2017-2025 University of Cincinnati
Set option parallel to "off"
Set option threads to 2
Set option time_limit to 60
Set option random_seed to 1
Set option write_solution_to_file to true
Set option solution_file to "/workspace/scuc-campaign/cache-mechanism-ready/gesa2-s1-candidate/point.sol"
Set option mip_cmir_cache_coefficients to true
Set option mip_cmir_cache_log to true
Number of BV entries in BOUNDS section is 240
Number of UI entries in BOUNDS section is 168
MIP gesa2 has 1392 rows; 1224 cols; 5064 nonzeros; 408 integer variables (240 binary)
Coefficient ranges:
  Matrix  [7e-02, 1e+02]
  Cost    [2e+03, 2e+06]
  Bound   [1e+00, 4e+00] (continuous)
  Bound   [1e+00, 4e+00] (non-continuous)
  RHS     [1e+00, 5e+02]
WARNING: Problem has some excessively large costs
WARNING:    Consider scaling the objective by 1e-1, or setting the user_objective_scale option to -1
WARNING: Problem is badly scaled, which may compromise the speed, accuracy and reliability of solvers in HiGHS
Presolving model
1392 rows, 1224 cols, 5064 nonzeros 0s
1344 rows, 1176 cols, 4968 nonzeros 0s
Presolve reductions: rows 1344(-48); columns 1176(-48); nonzeros 4968(-96) 

Solving MIP model with:
   1344 rows
   1176 cols (248 binary, 160 integer, 312 implied int., 456 continuous, 0 domain fixed)
   4968 nonzeros
   Thread count 2 (of 5 threads). Using 1 max workers. Parallel search off

Src: B => Branching; C => Central rounding; F => Feasibility pump; H => Heuristic;
     I => Shifting; J => Feasibility jump; L => Sub-MIP; P => Empty MIP; R => Randomized rounding;
     S => Solve LP; T => Evaluate node; U => Unbounded; X => User solution; Y => HiGHS solution;
     Z => ZI Round; l => Trivial lower; p => Trivial point; u => Trivial upper; z => Trivial zero

        Nodes      |    B&B Tree     |            Objective Bounds              |  Dynamic Constraints |       Work      
Src  Proc. InQueue |  Leaves   Expl. | BestBound       BestSol              Gap |   Cuts   InLp Confl. | LpIters     Time

 J       0       0         0   0.00%   -inf            52100746.57293     Large        0      0      0         0     0.0s
         0       0         0   0.00%   25494782.27515  52100746.57293    51.07%        0      0      0       463     0.0s
CMIR_CACHE row=17 integer=12 queries=24 computations=14
CMIR_CACHE row=12 integer=8 queries=16 computations=9
CMIR_CACHE row=12 integer=8 queries=16 computations=9
CMIR_CACHE row=13 integer=11 queries=22 computations=13
CMIR_CACHE row=13 integer=9 queries=18 computations=11
CMIR_CACHE row=13 integer=9 queries=18 computations=11
CMIR_CACHE row=17 integer=12 queries=36 computations=16
CMIR_CACHE row=17 integer=12 queries=24 computations=14
CMIR_CACHE row=13 integer=11 queries=22 computations=13
CMIR_CACHE row=17 integer=12 queries=24 computations=14
CMIR_CACHE row=4 integer=4 queries=8 computations=6
CMIR_CACHE row=8 integer=5 queries=10 computations=6
CMIR_CACHE row=7 integer=5 queries=10 computations=7
CMIR_CACHE row=7 integer=5 queries=10 computations=7
CMIR_CACHE row=17 integer=12 queries=36 computations=15
CMIR_CACHE row=17 integer=12 queries=24 computations=14
CMIR_CACHE row=9 integer=7 queries=14 computations=9
CMIR_CACHE row=9 integer=7 queries=14 computations=9
CMIR_CACHE row=9 integer=7 queries=14 computations=9
CMIR_CACHE row=28 integer=17 queries=34 computations=18
CMIR_CACHE row=5 integer=5 queries=10 computations=7
CMIR_CACHE row=4 integer=4 queries=8 computations=6
CMIR_CACHE row=17 integer=12 queries=24 computations=14
CMIR_CACHE row=8 integer=5 queries=10 computations=6
CMIR_CACHE row=13 integer=11 queries=22 computations=13
CMIR_CACHE row=17 integer=12 queries=24 computations=13
CMIR_CACHE row=13 integer=11 queries=22 computations=13
CMIR_CACHE row=17 integer=12 queries=24 computations=14
CMIR_CACHE row=9 integer=7 queries=14 computations=9
CMIR_CACHE row=9 integer=7 queries=14 computations=9
CMIR_CACHE row=9 integer=7 queries=14 computations=9
CMIR_CACHE row=33 integer=24 queries=48 computations=26
CMIR_CACHE row=46 integer=23 queries=46 computations=25
CMIR_CACHE row=49 integer=26 queries=52 computations=28
CMIR_CACHE row=48 integer=25 queries=50 computations=27
CMIR_CACHE row=15 integer=10 queries=20 computations=12
CMIR_CACHE row=17 integer=13 queries=26 computations=15
CMIR_CACHE row=17 integer=12 queries=24 computations=14
CMIR_CACHE row=46 integer=22 queries=44 computations=24
CMIR_CACHE row=48 integer=25 queries=50 computations=27
CMIR_CACHE row=17 integer=12 queries=24 computations=14
CMIR_CACHE row=13 integer=8 queries=16 computations=10
CMIR_CACHE row=13 integer=8 queries=16 computations=10
CMIR_CACHE row=18 integer=11 queries=33 computations=15
CMIR_CACHE row=18 integer=14 queries=56 computations=20
CMIR_CACHE row=19 integer=17 queries=34 computations=19
CMIR_CACHE row=17 integer=12 queries=24 computations=14
CMIR_CACHE row=26 integer=17 queries=34 computations=19
CMIR_CACHE row=7 integer=5 queries=10 computations=7
CMIR_CACHE row=7 integer=5 queries=10 computations=7
CMIR_CACHE row=18 integer=11 queries=33 computations=15
CMIR_CACHE row=17 integer=14 queries=56 computations=19
CMIR_CACHE row=8 integer=4 queries=8 computations=6
CMIR_CACHE row=8 integer=4 queries=8 computations=6
CMIR_CACHE row=17 integer=13 queries=52 computations=19
CMIR_CACHE row=17 integer=14 queries=56 computations=19
CMIR_CACHE row=5 integer=4 queries=8 computations=6
CMIR_CACHE row=5 integer=4 queries=8 computations=6
CMIR_CACHE row=18 integer=13 queries=39 computations=16
CMIR_CACHE row=12 integer=9 queries=27 computations=13
CMIR_CACHE row=11 integer=9 queries=27 computations=12
CMIR_CACHE row=9 integer=7 queries=14 computations=9
CMIR_CACHE row=10 integer=7 queries=14 computations=9
CMIR_CACHE row=9 integer=6 queries=12 computations=8
CMIR_CACHE row=18 integer=14 queries=56 computations=20
CMIR_CACHE row=18 integer=14 queries=56 computations=20
CMIR_CACHE row=19 integer=17 queries=85 computations=23
CMIR_CACHE row=19 integer=17 queries=34 computations=19
CMIR_CACHE row=9 integer=6 queries=12 computations=8
CMIR_CACHE row=13 integer=7 queries=21 computations=10
CMIR_CACHE row=13 integer=7 queries=21 computations=10
CMIR_CACHE row=17 integer=12 queries=24 computations=14
CMIR_CACHE row=18 integer=11 queries=33 computations=15
CMIR_CACHE row=12 integer=9 queries=27 computations=13
CMIR_CACHE row=11 integer=9 queries=27 computations=12
CMIR_CACHE row=9 integer=7 queries=14 computations=9
CMIR_CACHE row=10 integer=7 queries=14 computations=9
CMIR_CACHE row=19 integer=14 queries=28 computations=16
CMIR_CACHE row=9 integer=6 queries=12 computations=8
CMIR_CACHE row=9 integer=6 queries=12 computations=8
CMIR_CACHE row=10 integer=8 queries=16 computations=9
CMIR_CACHE row=17 integer=13 queries=52 computations=19
CMIR_CACHE row=17 integer=14 queries=56 computations=19
CMIR_CACHE row=19 integer=14 queries=28 computations=16
CMIR_CACHE row=10 integer=8 queries=8 computations=8
CMIR_CACHE row=17 integer=14 queries=56 computations=19
CMIR_CACHE row=12 integer=9 queries=27 computations=12
CMIR_CACHE row=18 integer=13 queries=39 computations=16
CMIR_CACHE row=16 integer=13 queries=39 computations=16
CMIR_CACHE row=17 integer=14 queries=56 computations=19
CMIR_CACHE row=17 integer=12 queries=36 computations=15
CMIR_CACHE row=20 integer=17 queries=34 computations=19
CMIR_CACHE row=28 integer=17 queries=68 computations=23
CMIR_CACHE row=15 integer=11 queries=22 computations=13
CMIR_CACHE row=27 integer=17 queries=85 computations=23
CMIR_CACHE row=21 integer=17 queries=85 computations=25
CMIR_CACHE row=19 integer=11 queries=22 computations=13
CMIR_CACHE row=26 integer=16 queries=64 computations=21
CMIR_CACHE row=19 integer=16 queries=48 computations=20
CMIR_CACHE row=19 integer=17 queries=85 computations=23
CMIR_CACHE row=21 integer=17 queries=85 computations=25
CMIR_CACHE row=17 integer=12 queries=24 computations=13
CMIR_CACHE row=26 integer=17 queries=51 computations=21
CMIR_CACHE row=20 integer=17 queries=51 computations=21
CMIR_CACHE row=24 integer=15 queries=30 computations=16
CMIR_CACHE row=20 integer=16 queries=32 computations=18
CMIR_CACHE row=28 integer=17 queries=68 computations=22
CMIR_CACHE row=28 integer=17 queries=68 computations=22
CMIR_CACHE row=20 integer=17 queries=68 computations=23
CMIR_CACHE row=15 integer=11 queries=22 computations=13
CMIR_CACHE row=27 integer=17 queries=85 computations=23
CMIR_CACHE row=21 integer=17 queries=85 computations=25
CMIR_CACHE row=19 integer=11 queries=22 computations=13
CMIR_CACHE row=23 integer=15 queries=45 computations=19
CMIR_CACHE row=5 integer=4 queries=8 computations=6
CMIR_CACHE row=5 integer=4 queries=8 computations=6
CMIR_CACHE row=5 integer=4 queries=8 computations=5
CMIR_CACHE row=5 integer=4 queries=8 computations=5
CMIR_CACHE row=17 integer=14 queries=56 computations=19
CMIR_CACHE row=5 integer=4 queries=8 computations=6
CMIR_CACHE row=5 integer=4 queries=8 computations=6
CMIR_CACHE row=16 integer=12 queries=48 computations=18
CMIR_CACHE row=17 integer=13 queries=65 computations=19
CMIR_CACHE row=21 integer=17 queries=34 computations=19
CMIR_CACHE row=37 integer=26 queries=130 computations=34
CMIR_CACHE row=33 integer=27 queries=135 computations=35
CMIR_CACHE row=9 integer=6 queries=12 computations=8
CMIR_CACHE row=15 integer=11 queries=33 computations=15
CMIR_CACHE row=11 integer=7 queries=21 computations=11
CMIR_CACHE row=11 integer=7 queries=21 computations=11
CMIR_CACHE row=11 integer=7 queries=21 computations=11
CMIR_CACHE row=19 integer=17 queries=85 computations=25
CMIR_CACHE row=19 integer=17 queries=85 computations=23
CMIR_CACHE row=19 integer=17 queries=85 computations=23
CMIR_CACHE row=19 integer=17 queries=85 computations=23
CMIR_CACHE row=22 integer=14 queries=56 computations=20
CMIR_CACHE row=21 integer=17 queries=34 computations=19
CMIR_CACHE row=26 integer=16 queries=64 computations=21
CMIR_CACHE row=19 integer=16 queries=48 computations=20
CMIR_CACHE row=30 integer=17 queries=85 computations=24
CMIR_CACHE row=20 integer=17 queries=85 computations=25
CMIR_CACHE row=19 integer=17 queries=85 computations=23
CMIR_CACHE row=26 integer=16 queries=64 computations=22
CMIR_CACHE row=19 integer=16 queries=64 computations=22
CMIR_CACHE row=17 integer=12 queries=24 computations=14
CMIR_CACHE row=26 integer=17 queries=51 computations=21
CMIR_CACHE row=20 integer=17 queries=51 computations=21
CMIR_CACHE row=19 integer=13 queries=39 computations=17
CMIR_CACHE row=20 integer=17 queries=34 computations=19
CMIR_CACHE row=28 integer=17 queries=68 computations=21
CMIR_CACHE row=20 integer=17 queries=68 computations=23
CMIR_CACHE row=15 integer=11 queries=22 computations=13
CMIR_CACHE row=18 integer=12 queries=48 computations=16
CMIR_CACHE row=19 integer=11 queries=22 computations=13
CMIR_CACHE row=23 integer=15 queries=45 computations=19
CMIR_CACHE row=22 integer=14 queries=56 computations=20
CMIR_CACHE row=26 integer=17 queries=51 computations=21
CMIR_CACHE row=20 integer=17 queries=51 computations=21
CMIR_CACHE row=33 integer=24 queries=72 computations=27
CMIR_CACHE row=30 integer=24 queries=72 computations=28
CMIR_CACHE row=9 integer=6 queries=12 computations=8
CMIR_CACHE row=28 integer=17 queries=68 computations=23
CMIR_CACHE row=28 integer=17 queries=68 computations=21
CMIR_CACHE row=20 integer=17 queries=68 computations=22
CMIR_CACHE row=27 integer=17 queries=85 computations=23
CMIR_CACHE row=21 integer=17 queries=85 computations=24
CMIR_CACHE row=11 integer=7 queries=21 computations=11
CMIR_CACHE row=21 integer=17 queries=68 computations=23
CMIR_CACHE row=8 integer=8 queries=16 computations=10
CMIR_CACHE row=9 integer=8 queries=16 computations=10
CMIR_CACHE row=17 integer=14 queries=56 computations=20
CMIR_CACHE row=30 integer=17 queries=85 computations=24
CMIR_CACHE row=33 integer=24 queries=72 computations=28
CMIR_CACHE row=30 integer=24 queries=72 computations=28
CMIR_CACHE row=22 integer=9 queries=36 computations=15
CMIR_CACHE row=12 integer=11 queries=44 computations=17
CMIR_CACHE row=17 integer=14 queries=42 computations=18
CMIR_CACHE row=17 integer=13 queries=39 computations=17
CMIR_CACHE row=17 integer=13 queries=39 computations=17
CMIR_CACHE row=17 integer=13 queries=52 computations=17
CMIR_CACHE row=21 integer=11 queries=22 computations=13
CMIR_CACHE row=12 integer=11 queries=22 computations=13
CMIR_CACHE row=17 integer=14 queries=56 computations=19
CMIR_CACHE row=26 integer=16 queries=64 computations=20
CMIR_CACHE row=19 integer=16 queries=64 computations=22
CMIR_CACHE row=16 integer=10 queries=40 computations=16
CMIR_CACHE row=15 integer=11 queries=44 computations=17
CMIR_CACHE row=28 integer=15 queries=75 computations=22
CMIR_CACHE row=18 integer=15 queries=75 computations=21
CMIR_CACHE row=26 integer=16 queries=64 computations=22
CMIR_CACHE row=19 integer=16 queries=64 computations=22
CMIR_CACHE row=16 integer=11 queries=33 computations=15
CMIR_CACHE row=24 integer=15 queries=30 computations=17
CMIR_CACHE row=20 integer=16 queries=32 computations=18
CMIR_CACHE row=10 integer=6 queries=18 computations=9
CMIR_CACHE row=23 integer=15 queries=45 computations=19
CMIR_CACHE row=16 integer=11 queries=33 computations=15
CMIR_CACHE row=37 integer=26 queries=130 computations=34
CMIR_CACHE row=33 integer=27 queries=135 computations=34
CMIR_CACHE row=26 integer=17 queries=51 computations=20
CMIR_CACHE row=20 integer=17 queries=51 computations=21
CMIR_CACHE row=26 integer=17 queries=51 computations=21
CMIR_CACHE row=26 integer=17 queries=51 computations=21
CMIR_CACHE row=20 integer=17 queries=51 computations=21
CMIR_CACHE row=20 integer=17 queries=51 computations=20
CMIR_CACHE row=18 integer=11 queries=22 computations=13
CMIR_CACHE row=19 integer=17 queries=102 computations=26
CMIR_CACHE row=21 integer=17 queries=68 computations=20
CMIR_CACHE row=20 integer=17 queries=51 computations=20
CMIR_CACHE row=21 integer=14 queries=56 computations=20
CMIR_CACHE row=19 integer=14 queries=56 computations=19
CMIR_CACHE row=26 integer=17 queries=51 computations=20
CMIR_CACHE row=20 integer=17 queries=51 computations=20
CMIR_CACHE row=26 integer=17 queries=51 computations=20
CMIR_CACHE row=26 integer=17 queries=51 computations=21
CMIR_CACHE row=20 integer=17 queries=51 computations=21
CMIR_CACHE row=26 integer=17 queries=51 computations=20
CMIR_CACHE row=37 integer=26 queries=156 computations=36
CMIR_CACHE row=33 integer=27 queries=162 computations=37
CMIR_CACHE row=20 integer=17 queries=51 computations=21
CMIR_CACHE row=20 integer=17 queries=51 computations=21
CMIR_CACHE row=18 integer=11 queries=22 computations=13
CMIR_CACHE row=28 integer=17 queries=68 computations=22
CMIR_CACHE row=20 integer=17 queries=68 computations=22
CMIR_CACHE row=5 integer=4 queries=8 computations=5
CMIR_CACHE row=5 integer=4 queries=8 computations=5
CMIR_CACHE row=17 integer=14 queries=56 computations=20
CMIR_CACHE row=5 integer=4 queries=8 computations=5
CMIR_CACHE row=5 integer=4 queries=8 computations=5
CMIR_CACHE row=19 integer=17 queries=102 computations=26
CMIR_CACHE row=29 integer=17 queries=119 computations=28
CMIR_CACHE row=21 integer=17 queries=119 computations=29
CMIR_CACHE row=16 integer=13 queries=52 computations=17
CMIR_CACHE row=20 integer=17 queries=51 computations=20
CMIR_CACHE row=21 integer=14 queries=56 computations=20
CMIR_CACHE row=19 integer=14 queries=56 computations=20
CMIR_CACHE row=26 integer=17 queries=51 computations=20
CMIR_CACHE row=20 integer=17 queries=51 computations=20
CMIR_CACHE row=26 integer=17 queries=51 computations=21
CMIR_CACHE row=26 integer=17 queries=51 computations=21
CMIR_CACHE row=20 integer=17 queries=51 computations=21
CMIR_CACHE row=20 integer=17 queries=51 computations=20
CMIR_CACHE row=14 integer=11 queries=22 computations=13
CMIR_CACHE row=28 integer=17 queries=68 computations=23
CMIR_CACHE row=20 integer=17 queries=68 computations=22
CMIR_CACHE row=19 integer=17 queries=102 computations=26
CMIR_CACHE row=26 integer=16 queries=96 computations=25
CMIR_CACHE row=20 integer=16 queries=96 computations=26
CMIR_CACHE row=21 integer=17 queries=68 computations=20
CMIR_CACHE row=20 integer=17 queries=51 computations=20
CMIR_CACHE row=17 integer=13 queries=52 computations=19
CMIR_CACHE row=19 integer=12 queries=48 computations=18
CMIR_CACHE row=28 integer=17 queries=85 computations=25
CMIR_CACHE row=20 integer=17 queries=85 computations=24
CMIR_CACHE row=19 integer=17 queries=102 computations=25
CMIR_CACHE row=12 integer=10 queries=40 computations=16
CMIR_CACHE row=19 integer=17 queries=85 computations=23
CMIR_CACHE row=19 integer=17 queries=102 computations=26
CMIR_CACHE row=19 integer=17 queries=102 computations=26
CMIR_CACHE row=26 integer=16 queries=96 computations=26
CMIR_CACHE row=20 integer=16 queries=96 computations=26
CMIR_CACHE row=27 integer=16 queries=96 computations=26
CMIR_CACHE row=19 integer=16 queries=96 computations=25
CMIR_CACHE row=26 integer=17 queries=51 computations=20
CMIR_CACHE row=20 integer=17 queries=51 computations=20
CMIR_CACHE row=26 integer=17 queries=51 computations=21
CMIR_CACHE row=20 integer=17 queries=51 computations=21
CMIR_CACHE row=20 integer=17 queries=51 computations=20
CMIR_CACHE row=20 integer=17 queries=51 computations=21
CMIR_CACHE row=18 integer=11 queries=22 computations=13
CMIR_CACHE row=28 integer=17 queries=68 computations=22
CMIR_CACHE row=20 integer=17 queries=68 computations=23
CMIR_CACHE row=26 integer=17 queries=51 computations=21
CMIR_CACHE row=12 integer=8 queries=16 computations=10
CMIR_CACHE row=21 integer=17 queries=68 computations=20
CMIR_CACHE row=26 integer=17 queries=51 computations=21
CMIR_CACHE row=20 integer=17 queries=51 computations=20
CMIR_CACHE row=26 integer=17 queries=51 computations=21
CMIR_CACHE row=26 integer=17 queries=51 computations=21
CMIR_CACHE row=20 integer=17 queries=51 computations=21
CMIR_CACHE row=21 integer=13 queries=26 computations=15
CMIR_CACHE row=14 integer=11 queries=22 computations=13
CMIR_CACHE row=14 integer=11 queries=22 computations=13
CMIR_CACHE row=28 integer=17 queries=68 computations=23
CMIR_CACHE row=20 integer=17 queries=68 computations=22
CMIR_CACHE row=28 integer=17 queries=85 computations=25
CMIR_CACHE row=20 integer=17 queries=85 computations=24
CMIR_CACHE row=21 integer=17 queries=51 computations=21
CMIR_CACHE row=33 integer=24 queries=96 computations=30
CMIR_CACHE row=30 integer=24 queries=96 computations=30
CMIR_CACHE row=12 integer=10 queries=40 computations=16
CMIR_CACHE row=18 integer=14 queries=84 computations=23
CMIR_CACHE row=19 integer=15 queries=90 computations=24
CMIR_CACHE row=16 integer=13 queries=52 computations=18
CMIR_CACHE row=17 integer=14 queries=56 computations=19
CMIR_CACHE row=21 integer=17 queries=85 computations=25
CMIR_CACHE row=21 integer=14 queries=56 computations=20
CMIR_CACHE row=19 integer=14 queries=56 computations=20
CMIR_CACHE row=26 integer=16 queries=96 computations=26
CMIR_CACHE row=20 integer=16 queries=80 computations=24
CMIR_CACHE row=28 integer=15 queries=75 computations=22
CMIR_CACHE row=18 integer=15 queries=90 computations=24
CMIR_CACHE row=26 integer=16 queries=80 computations=23
CMIR_CACHE row=19 integer=16 queries=80 computations=24
CMIR_CACHE row=14 integer=10 queries=30 computations=13
CMIR_CACHE row=12 integer=8 queries=16 computations=10
CMIR_CACHE row=17 integer=10 queries=10 computations=10
CMIR_CACHE row=15 integer=10 queries=30 computations=14
CMIR_CACHE row=16 integer=11 queries=33 computations=15
CMIR_CACHE row=37 integer=26 queries=156 computations=35
CMIR_CACHE row=33 integer=27 queries=162 computations=37
CMIR_CACHE row=14 integer=11 queries=22 computations=13
CMIR_CACHE row=20 integer=14 queries=70 computations=22
CMIR_CACHE row=16 integer=13 queries=65 computations=20
CMIR_CACHE row=14 integer=11 queries=22 computations=12
CMIR_CACHE row=17 integer=14 queries=42 computations=17
CMIR_CACHE row=17 integer=14 queries=56 computations=20
CMIR_CACHE row=22 integer=17 queries=85 computations=23
CMIR_CACHE row=21 integer=11 queries=66 computations=19
CMIR_CACHE row=14 integer=10 queries=60 computations=18
CMIR_CACHE row=13 integer=11 queries=33 computations=15
CMIR_CACHE row=16 integer=13 queries=52 computations=19
CMIR_CACHE row=13 integer=12 queries=48 computations=18
CMIR_CACHE row=13 integer=12 queries=48 computations=18
CMIR_CACHE row=16 integer=13 queries=52 computations=19
CMIR_CACHE row=15 integer=13 queries=65 computations=21
CMIR_CACHE row=16 integer=14 queries=70 computations=22
CMIR_CACHE row=26 integer=17 queries=51 computations=21
CMIR_CACHE row=20 integer=17 queries=51 computations=21
CMIR_CACHE row=28 integer=17 queries=68 computations=23
CMIR_CACHE row=26 integer=17 queries=51 computations=21
CMIR_CACHE row=33 integer=24 queries=96 computations=30
CMIR_CACHE row=30 integer=24 queries=96 computations=30
CMIR_CACHE row=20 integer=17 queries=68 computations=22
CMIR_CACHE row=27 integer=17 queries=85 computations=24
CMIR_CACHE row=21 integer=17 queries=85 computations=25
CMIR_CACHE row=26 integer=17 queries=51 computations=20
CMIR_CACHE row=18 integer=11 queries=22 computations=13
CMIR_CACHE row=28 integer=17 queries=68 computations=23
CMIR_CACHE row=20 integer=17 queries=68 computations=23
CMIR_CACHE row=21 integer=17 queries=85 computations=24
CMIR_CACHE row=29 integer=17 queries=85 computations=25
CMIR_CACHE row=21 integer=17 queries=85 computations=25
CMIR_CACHE row=20 integer=17 queries=51 computations=20
CMIR_CACHE row=28 integer=17 queries=85 computations=24
CMIR_CACHE row=20 integer=17 queries=85 computations=23
CMIR_CACHE row=26 integer=17 queries=51 computations=21
CMIR_CACHE row=20 integer=17 queries=51 computations=20
CMIR_CACHE row=28 integer=17 queries=68 computations=23
CMIR_CACHE row=28 integer=17 queries=68 computations=21
CMIR_CACHE row=20 integer=17 queries=68 computations=23
CMIR_CACHE row=26 integer=17 queries=51 computations=20
CMIR_CACHE row=37 integer=26 queries=156 computations=36
CMIR_CACHE row=33 integer=27 queries=162 computations=37
CMIR_CACHE row=20 integer=17 queries=68 computations=22
CMIR_CACHE row=27 integer=17 queries=85 computations=24
CMIR_CACHE row=21 integer=17 queries=85 computations=25
CMIR_CACHE row=26 integer=17 queries=51 computations=21
CMIR_CACHE row=18 integer=11 queries=22 computations=13
CMIR_CACHE row=28 integer=17 queries=68 computations=22
CMIR_CACHE row=20 integer=17 queries=68 computations=22
CMIR_CACHE row=21 integer=17 queries=85 computations=24
CMIR_CACHE row=20 integer=17 queries=85 computations=24
CMIR_CACHE row=5 integer=4 queries=8 computations=5
CMIR_CACHE row=5 integer=4 queries=8 computations=5
CMIR_CACHE row=17 integer=14 queries=56 computations=19
CMIR_CACHE row=5 integer=4 queries=8 computations=6
CMIR_CACHE row=5 integer=4 queries=8 computations=6
CMIR_CACHE row=29 integer=17 queries=85 computations=25
CMIR_CACHE row=20 integer=17 queries=85 computations=24
CMIR_CACHE row=20 integer=17 queries=51 computations=20
CMIR_CACHE row=20 integer=14 queries=70 computations=21
CMIR_CACHE row=16 integer=13 queries=65 computations=20
CMIR_CACHE row=26 integer=16 queries=80 computations=24
CMIR_CACHE row=20 integer=16 queries=80 computations=24
CMIR_CACHE row=19 integer=14 queries=42 computations=18
CMIR_CACHE row=17 integer=14 queries=42 computations=17
CMIR_CACHE row=28 integer=17 queries=68 computations=22
CMIR_CACHE row=28 integer=17 queries=68 computations=22
CMIR_CACHE row=20 integer=17 queries=68 computations=22
CMIR_CACHE row=21 integer=13 queries=26 computations=15
CMIR_CACHE row=26 integer=17 queries=51 computations=20
CMIR_CACHE row=37 integer=26 queries=156 computations=35
CMIR_CACHE row=33 integer=27 queries=162 computations=37
CMIR_CACHE row=16 integer=11 queries=33 computations=13
CMIR_CACHE row=17 integer=11 queries=33 computations=15
CMIR_CACHE row=15 integer=11 queries=33 computations=15
CMIR_CACHE row=26 integer=17 queries=51 computations=21
CMIR_CACHE row=15 integer=10 queries=30 computations=14
CMIR_CACHE row=16 integer=11 queries=33 computations=14
CMIR_CACHE row=21 integer=17 queries=85 computations=24
CMIR_CACHE row=19 integer=17 queries=85 computations=23
CMIR_CACHE row=29 integer=17 queries=85 computations=25
CMIR_CACHE row=21 integer=17 queries=85 computations=25
CMIR_CACHE row=20 integer=17 queries=51 computations=20
CMIR_CACHE row=17 integer=13 queries=52 computations=19
CMIR_CACHE row=19 integer=12 queries=48 computations=18
CMIR_CACHE row=11 integer=6 queries=12 computations=8
CMIR_CACHE row=16 integer=14 queries=70 computations=21
CMIR_CACHE row=17 integer=15 queries=75 computations=23
CMIR_CACHE row=19 integer=17 queries=85 computations=23
CMIR_CACHE row=26 integer=17 queries=51 computations=21
CMIR_CACHE row=20 integer=17 queries=51 computations=20
CMIR_CACHE row=28 integer=17 queries=68 computations=22
CMIR_CACHE row=20 integer=17 queries=68 computations=23
CMIR_CACHE row=20 integer=17 queries=68 computations=22
CMIR_CACHE row=18 integer=12 queries=48 computations=17
CMIR_CACHE row=17 integer=12 queries=48 computations=17
CMIR_CACHE row=26 integer=17 queries=51 computations=21
CMIR_CACHE row=18 integer=11 queries=22 computations=13
CMIR_CACHE row=29 integer=20 queries=80 computations=25
CMIR_CACHE row=23 integer=20 queries=80 computations=26
CMIR_CACHE row=26 integer=17 queries=51 computations=21
CMIR_CACHE row=21 integer=17 queries=51 computations=20
CMIR_CACHE row=12 integer=8 queries=16 computations=10
CMIR_CACHE row=15 integer=13 queries=65 computations=21
CMIR_CACHE row=16 integer=14 queries=70 computations=22
CMIR_CACHE row=26 integer=17 queries=51 computations=21
CMIR_CACHE row=20 integer=17 queries=51 computations=20
CMIR_CACHE row=28 integer=17 queries=68 computations=22
CMIR_CACHE row=28 integer=17 queries=68 computations=22
CMIR_CACHE row=20 integer=17 queries=68 computations=22
CMIR_CACHE row=21 integer=13 queries=26 computations=15
CMIR_CACHE row=26 integer=17 queries=51 computations=20
CMIR_CACHE row=37 integer=26 queries=156 computations=36
CMIR_CACHE row=33 integer=27 queries=162 computations=37
CMIR_CACHE row=16 integer=11 queries=33 computations=14
CMIR_CACHE row=17 integer=11 queries=33 computations=15
CMIR_CACHE row=15 integer=11 queries=33 computations=15
CMIR_CACHE row=26 integer=17 queries=51 computations=21
CMIR_CACHE row=15 integer=10 queries=30 computations=14
CMIR_CACHE row=16 integer=11 queries=33 computations=15
CMIR_CACHE row=26 integer=17 queries=51 computations=21
CMIR_CACHE row=20 integer=14 queries=70 computations=21
CMIR_CACHE row=16 integer=13 queries=65 computations=20
CMIR_CACHE row=20 integer=14 queries=70 computations=22
CMIR_CACHE row=18 integer=14 queries=70 computations=22
CMIR_CACHE row=21 integer=17 queries=51 computations=21
CMIR_CACHE row=22 integer=9 queries=36 computations=14
CMIR_CACHE row=12 integer=11 queries=44 computations=16
CMIR_CACHE row=17 integer=14 queries=42 computations=18
CMIR_CACHE row=30 integer=17 queries=85 computations=24
CMIR_CACHE row=20 integer=17 queries=85 computations=25
CMIR_CACHE row=33 integer=24 queries=96 computations=30
CMIR_CACHE row=30 integer=24 queries=96 computations=30
CMIR_CACHE row=20 integer=17 queries=85 computations=24
CMIR_CACHE row=17 integer=14 queries=56 computations=19
CMIR_CACHE row=21 integer=14 queries=56 computations=20
CMIR_CACHE row=19 integer=14 queries=56 computations=20
CMIR_CACHE row=15 integer=12 queries=48 computations=18
CMIR_CACHE row=29 integer=17 queries=85 computations=25
CMIR_CACHE row=21 integer=17 queries=85 computations=25
CMIR_CACHE row=28 integer=15 queries=75 computations=22
CMIR_CACHE row=18 integer=15 queries=75 computations=21
CMIR_CACHE row=26 integer=16 queries=64 computations=22
CMIR_CACHE row=19 integer=16 queries=64 computations=21
CMIR_CACHE row=27 integer=16 queries=48 computations=20
CMIR_CACHE row=21 integer=17 queries=68 computations=23
CMIR_CACHE row=16 integer=11 queries=33 computations=15
CMIR_CACHE row=16 integer=10 queries=30 computations=14
CMIR_CACHE row=15 integer=11 queries=33 computations=15
CMIR_CACHE row=25 integer=16 queries=48 computations=19
CMIR_CACHE row=20 integer=16 queries=48 computations=20
CMIR_CACHE row=18 integer=15 queries=60 computations=21
CMIR_CACHE row=19 integer=16 queries=64 computations=21
CMIR_CACHE row=16 integer=11 queries=33 computations=15
CMIR_CACHE row=17 integer=11 queries=33 computations=15
CMIR_CACHE row=15 integer=11 queries=33 computations=15
CMIR_CACHE row=14 integer=10 queries=30 computations=13
CMIR_CACHE row=12 integer=8 queries=16 computations=10
CMIR_CACHE row=17 integer=10 queries=10 computations=10
CMIR_CACHE row=15 integer=13 queries=65 computations=21
CMIR_CACHE row=37 integer=26 queries=156 computations=35
CMIR_CACHE row=33 integer=27 queries=162 computations=37
CMIR_CACHE row=14 integer=11 queries=22 computations=13
CMIR_CACHE row=20 integer=14 queries=70 computations=21
CMIR_CACHE row=16 integer=13 queries=65 computations=20
CMIR_CACHE row=20 integer=14 queries=70 computations=22
CMIR_CACHE row=18 integer=14 queries=70 computations=22
CMIR_CACHE row=16 integer=11 queries=33 computations=14
CMIR_CACHE row=19 integer=14 queries=42 computations=18
CMIR_CACHE row=17 integer=14 queries=42 computations=18
CMIR_CACHE row=15 integer=13 queries=39 computations=17
CMIR_CACHE row=16 integer=13 queries=52 computations=19
CMIR_CACHE row=13 integer=12 queries=48 computations=18
CMIR_CACHE row=13 integer=12 queries=48 computations=18
CMIR_CACHE row=16 integer=13 queries=52 computations=19
CMIR_CACHE row=15 integer=13 queries=65 computations=21
CMIR_CACHE row=16 integer=14 queries=70 computations=22
CMIR_CACHE row=27 integer=16 queries=64 computations=21
CMIR_CACHE row=27 integer=17 queries=68 computations=23
CMIR_CACHE row=7 integer=4 queries=4 computations=4
CMIR_CACHE row=7 integer=4 queries=4 computations=4
CMIR_CACHE row=22 integer=15 queries=75 computations=22
CMIR_CACHE row=20 integer=15 queries=75 computations=23
CMIR_CACHE row=19 integer=12 queries=48 computations=16
CMIR_CACHE row=16 integer=13 queries=52 computations=18
CMIR_CACHE row=11 integer=9 queries=18 computations=11
CMIR_CACHE row=16 integer=14 queries=70 computations=21
CMIR_CACHE row=17 integer=15 queries=75 computations=23
CMIR_CACHE row=15 integer=13 queries=52 computations=19
 C       0       0         0   0.00%   25763643.85386  26686733.7387      3.46%     1157     94      0       712     0.1s
CMIR_CACHE row=28 integer=17 queries=85 computations=22
CMIR_CACHE row=20 integer=17 queries=68 computations=22
CMIR_CACHE row=14 integer=11 queries=11 computations=11
CMIR_CACHE row=28 integer=17 queries=85 computations=23
CMIR_CACHE row=20 integer=17 queries=85 computations=25
CMIR_CACHE row=23 integer=13 queries=39 computations=17
CMIR_CACHE row=15 integer=13 queries=39 computations=17
CMIR_CACHE row=26 integer=17 queries=51 computations=21
CMIR_CACHE row=17 integer=12 queries=48 computations=18
CMIR_CACHE row=19 integer=12 queries=48 computations=18
CMIR_CACHE row=28 integer=17 queries=68 computations=21
CMIR_CACHE row=20 integer=17 queries=68 computations=21
CMIR_CACHE row=14 integer=11 queries=22 computations=13
CMIR_CACHE row=28 integer=17 queries=85 computations=23
CMIR_CACHE row=20 integer=17 queries=85 computations=24
CMIR_CACHE row=29 integer=17 queries=102 computations=26
CMIR_CACHE row=20 integer=17 queries=102 computations=27
CMIR_CACHE row=12 integer=10 queries=20 computations=12
CMIR_CACHE row=26 integer=17 queries=51 computations=21
CMIR_CACHE row=16 integer=13 queries=65 computations=20
CMIR_CACHE row=26 integer=20 queries=100 computations=27
CMIR_CACHE row=27 integer=18 queries=90 computations=26
CMIR_CACHE row=20 integer=17 queries=68 computations=23
CMIR_CACHE row=16 integer=11 queries=44 computations=17
CMIR_CACHE row=16 integer=11 queries=44 computations=16
CMIR_CACHE row=23 integer=13 queries=39 computations=17
CMIR_CACHE row=15 integer=13 queries=39 computations=17
CMIR_CACHE row=29 integer=17 queries=102 computations=26
CMIR_CACHE row=20 integer=17 queries=102 computations=27
CMIR_CACHE row=20 integer=16 queries=48 computations=20
CMIR_CACHE row=19 integer=14 queries=84 computations=24
CMIR_CACHE row=14 integer=8 queries=24 computations=11
CMIR_CACHE row=10 integer=7 queries=21 computations=10
CMIR_CACHE row=28 integer=17 queries=68 computations=21
CMIR_CACHE row=20 integer=17 queries=68 computations=21
CMIR_CACHE row=28 integer=17 queries=85 computations=23
CMIR_CACHE row=20 integer=17 queries=85 computations=24
CMIR_CACHE row=26 integer=17 queries=51 computations=21
CMIR_CACHE row=16 integer=13 queries=65 computations=20
CMIR_CACHE row=16 integer=14 queries=84 computations=23
CMIR_CACHE row=14 integer=12 queries=24 computations=13
CMIR_CACHE row=13 integer=11 queries=22 computations=13
CMIR_CACHE row=14 integer=12 queries=24 computations=14
CMIR_CACHE row=16 integer=14 queries=84 computations=23
CMIR_CACHE row=20 integer=17 queries=68 computations=23
CMIR_CACHE row=28 integer=17 queries=85 computations=23
CMIR_CACHE row=20 integer=17 queries=85 computations=24
CMIR_CACHE row=26 integer=17 queries=51 computations=21
CMIR_CACHE row=19 integer=14 queries=84 computations=23
CMIR_CACHE row=20 integer=16 queries=48 computations=20
CMIR_CACHE row=7 integer=5 queries=10 computations=7
CMIR_CACHE row=15 integer=5 queries=5 computations=5
CMIR_CACHE row=29 integer=17 queries=102 computations=26
CMIR_CACHE row=21 integer=17 queries=102 computations=27
CMIR_CACHE row=18 integer=16 queries=80 computations=24
CMIR_CACHE row=16 integer=11 queries=66 computations=20
CMIR_CACHE row=12 integer=10 queries=60 computations=19
CMIR_CACHE row=12 integer=8 queries=24 computations=10
CMIR_CACHE row=12 integer=8 queries=24 computations=11
CMIR_CACHE row=16 integer=11 queries=44 computations=15
CMIR_CACHE row=16 integer=11 queries=44 computations=17
CMIR_CACHE row=15 integer=11 queries=44 computations=17
CMIR_CACHE row=13 integer=7 queries=28 computations=13
CMIR_CACHE row=16 integer=13 queries=65 computations=20
CMIR_CACHE row=16 integer=14 queries=84 computations=23
CMIR_CACHE row=13 integer=11 queries=33 computations=14
CMIR_CACHE row=22 integer=19 queries=76 computations=24
CMIR_CACHE row=25 integer=17 queries=68 computations=23
CMIR_CACHE row=26 integer=20 queries=100 computations=26
CMIR_CACHE row=27 integer=18 queries=90 computations=25
CMIR_CACHE row=18 integer=9 queries=27 computations=12
CMIR_CACHE row=17 integer=12 queries=48 computations=17
CMIR_CACHE row=19 integer=12 queries=48 computations=17
CMIR_CACHE row=20 integer=16 queries=112 computations=25
CMIR_CACHE row=16 integer=12 queries=24 computations=14
CMIR_CACHE row=16 integer=12 queries=24 computations=14
CMIR_CACHE row=13 integer=7 queries=35 computations=12
CMIR_CACHE row=8 integer=7 queries=35 computations=14
CMIR_CACHE row=13 integer=11 queries=22 computations=13
CMIR_CACHE row=14 integer=12 queries=24 computations=14
CMIR_CACHE row=14 integer=12 queries=12 computations=12
CMIR_CACHE row=15 integer=10 queries=40 computations=16
CMIR_CACHE row=16 integer=12 queries=36 computations=16
CMIR_CACHE row=15 integer=13 queries=39 computations=17
CMIR_CACHE row=12 integer=11 queries=33 computations=14
CMIR_CACHE row=12 integer=11 queries=33 computations=14
CMIR_CACHE row=23 integer=20 queries=100 computations=28
CMIR_CACHE row=27 integer=18 queries=90 computations=26
CMIR_CACHE row=14 integer=12 queries=24 computations=14
CMIR_CACHE row=27 integer=20 queries=80 computations=26
CMIR_CACHE row=25 integer=18 queries=72 computations=24
CMIR_CACHE row=12 integer=10 queries=20 computations=12
CMIR_CACHE row=21 integer=18 queries=108 computations=28
CMIR_CACHE row=21 integer=18 queries=108 computations=27
CMIR_CACHE row=20 integer=14 queries=84 computations=22
CMIR_CACHE row=16 integer=13 queries=78 computations=21
CMIR_CACHE row=27 integer=21 queries=126 computations=31
CMIR_CACHE row=26 integer=20 queries=120 computations=30
CMIR_CACHE row=18 integer=13 queries=39 computations=16
CMIR_CACHE row=17 integer=12 queries=60 computations=19
CMIR_CACHE row=18 integer=13 queries=65 computations=20
CMIR_CACHE row=22 integer=14 queries=84 computations=23
CMIR_CACHE row=19 integer=14 queries=84 computations=24
CMIR_CACHE row=14 integer=13 queries=39 computations=16
CMIR_CACHE row=21 integer=13 queries=39 computations=16
CMIR_CACHE row=20 integer=14 queries=84 computations=22
CMIR_CACHE row=16 integer=13 queries=78 computations=22
CMIR_CACHE row=22 integer=15 queries=105 computations=26
CMIR_CACHE row=16 integer=14 queries=98 computations=24
CMIR_CACHE row=15 integer=13 queries=65 computations=21
CMIR_CACHE row=16 integer=14 queries=70 computations=21
CMIR_CACHE row=18 integer=14 queries=84 computations=24
CMIR_CACHE row=28 integer=20 queries=100 computations=28
CMIR_CACHE row=24 integer=18 queries=90 computations=26
CMIR_CACHE row=15 integer=11 queries=33 computations=15
CMIR_CACHE row=19 integer=14 queries=84 computations=22
CMIR_CACHE row=21 integer=13 queries=78 computations=22
CMIR_CACHE row=15 integer=12 queries=72 computations=22
CMIR_CACHE row=12 integer=8 queries=16 computations=10
CMIR_CACHE row=10 integer=7 queries=7 computations=7
CMIR_CACHE row=16 integer=11 queries=44 computations=17
CMIR_CACHE row=13 integer=8 queries=24 computations=11
CMIR_CACHE row=11 integer=8 queries=8 computations=8
CMIR_CACHE row=14 integer=11 queries=33 computations=13
CMIR_CACHE row=23 integer=19 queries=76 computations=25
CMIR_CACHE row=24 integer=17 queries=68 computations=22
CMIR_CACHE row=20 integer=14 queries=70 computations=20
CMIR_CACHE row=18 integer=14 queries=70 computations=22
CMIR_CACHE row=12 integer=8 queries=8 computations=8
CMIR_CACHE row=12 integer=8 queries=8 computations=8
CMIR_CACHE row=11 integer=7 queries=7 computations=7
CMIR_CACHE row=11 integer=7 queries=7 computations=7
CMIR_CACHE row=10 integer=8 queries=8 computations=8
CMIR_CACHE row=18 integer=10 queries=40 computations=15
CMIR_CACHE row=14 integer=11 queries=44 computations=17
CMIR_CACHE row=17 integer=15 queries=105 computations=25
CMIR_CACHE row=14 integer=12 queries=12 computations=12
CMIR_CACHE row=9 integer=8 queries=32 computations=13
CMIR_CACHE row=16 integer=12 queries=36 computations=16
CMIR_CACHE row=15 integer=13 queries=39 computations=17
CMIR_CACHE row=28 integer=20 queries=100 computations=28
CMIR_CACHE row=24 integer=18 queries=90 computations=25
CMIR_CACHE row=21 integer=18 queries=108 computations=28
CMIR_CACHE row=21 integer=18 queries=108 computations=27
CMIR_CACHE row=11 integer=7 queries=7 computations=7
CMIR_CACHE row=11 integer=7 queries=7 computations=7
CMIR_CACHE row=17 integer=12 queries=60 computations=19
CMIR_CACHE row=18 integer=13 queries=65 computations=20
CMIR_CACHE row=18 integer=12 queries=60 computations=20
CMIR_CACHE row=17 integer=13 queries=65 computations=21
CMIR_CACHE row=12 integer=8 queries=24 computations=12
CMIR_CACHE row=15 integer=10 queries=40 computations=16
CMIR_CACHE row=15 integer=10 queries=40 computations=16
CMIR_CACHE row=20 integer=14 queries=84 computations=22
CMIR_CACHE row=16 integer=13 queries=78 computations=22
CMIR_CACHE row=22 integer=15 queries=105 computations=26
CMIR_CACHE row=16 integer=14 queries=98 computations=23
CMIR_CACHE row=21 integer=13 queries=39 computations=16
CMIR_CACHE row=14 integer=13 queries=39 computations=17
CMIR_CACHE row=14 integer=13 queries=39 computations=17
CMIR_CACHE row=21 integer=13 queries=39 computations=16
CMIR_CACHE row=18 integer=13 queries=39 computations=17
CMIR_CACHE row=27 integer=21 queries=126 computations=30
CMIR_CACHE row=27 integer=20 queries=120 computations=30
CMIR_CACHE row=17 integer=15 queries=45 computations=18
CMIR_CACHE row=23 integer=15 queries=60 computations=20
CMIR_CACHE row=16 integer=15 queries=60 computations=21
CMIR_CACHE row=16 integer=15 queries=60 computations=21
CMIR_CACHE row=23 integer=15 queries=60 computations=20
CMIR_CACHE row=20 integer=15 queries=60 computations=21
CMIR_CACHE row=20 integer=15 queries=60 computations=20
CMIR_CACHE row=27 integer=21 queries=126 computations=31
CMIR_CACHE row=26 integer=20 queries=120 computations=29
CMIR_CACHE row=17 integer=14 queries=70 computations=22
CMIR_CACHE row=14 integer=13 queries=65 computations=20
CMIR_CACHE row=14 integer=13 queries=65 computations=20
CMIR_CACHE row=17 integer=14 queries=70 computations=22
CMIR_CACHE row=15 integer=13 queries=65 computations=21
CMIR_CACHE row=16 integer=14 queries=70 computations=20
CMIR_CACHE row=28 integer=17 queries=102 computations=27
CMIR_CACHE row=20 integer=17 queries=102 computations=27
CMIR_CACHE row=28 integer=17 queries=102 computations=27
CMIR_CACHE row=20 integer=17 queries=102 computations=26
CMIR_CACHE row=12 integer=8 queries=24 computations=12
CMIR_CACHE row=28 integer=17 queries=102 computations=27
CMIR_CACHE row=20 integer=17 queries=102 computations=27
CMIR_CACHE row=11 integer=7 queries=28 computations=12
CMIR_CACHE row=11 integer=7 queries=28 computations=12
CMIR_CACHE row=8 integer=6 queries=18 computations=10
CMIR_CACHE row=28 integer=17 queries=102 computations=25
CMIR_CACHE row=20 integer=17 queries=102 computations=26
CMIR_CACHE row=12 integer=10 queries=30 computations=14
CMIR_CACHE row=13 integer=10 queries=50 computations=17
CMIR_CACHE row=13 integer=10 queries=40 computations=16
CMIR_CACHE row=8 integer=6 queries=18 computations=10
CMIR_CACHE row=15 integer=10 queries=40 computations=15
CMIR_CACHE row=16 integer=11 queries=44 computations=17
CMIR_CACHE row=16 integer=14 queries=84 computations=24
CMIR_CACHE row=23 integer=16 queries=64 computations=22
CMIR_CACHE row=15 integer=10 queries=40 computations=14
CMIR_CACHE row=16 integer=11 queries=44 computations=15
CMIR_CACHE row=15 integer=11 queries=44 computations=17
CMIR_CACHE row=23 integer=16 queries=48 computations=20
CMIR_CACHE row=16 integer=11 queries=44 computations=16
CMIR_CACHE row=16 integer=11 queries=44 computations=16
CMIR_CACHE row=12 integer=8 queries=24 computations=12
CMIR_CACHE row=12 integer=8 queries=24 computations=12
CMIR_CACHE row=14 integer=9 queries=36 computations=15
CMIR_CACHE row=14 integer=9 queries=36 computations=14
CMIR_CACHE row=22 integer=14 queries=84 computations=24
CMIR_CACHE row=16 integer=14 queries=84 computations=24
CMIR_CACHE row=25 integer=21 queries=105 computations=29
CMIR_CACHE row=27 integer=20 queries=100 computations=28
CMIR_CACHE row=14 integer=10 queries=50 computations=18
CMIR_CACHE row=12 integer=10 queries=50 computations=18
CMIR_CACHE row=12 integer=10 queries=50 computations=18
CMIR_CACHE row=14 integer=10 queries=50 computations=18
CMIR_CACHE row=13 integer=10 queries=50 computations=18
CMIR_CACHE row=13 integer=10 queries=40 computations=16
CMIR_CACHE row=17 integer=10 queries=40 computations=16
CMIR_CACHE row=11 integer=10 queries=40 computations=16
CMIR_CACHE row=12 integer=10 queries=30 computations=14
CMIR_CACHE row=20 integer=15 queries=60 computations=21
CMIR_CACHE row=21 integer=15 queries=60 computations=21
CMIR_CACHE row=12 integer=10 queries=30 computations=14
CMIR_CACHE row=18 integer=15 queries=105 computations=27
CMIR_CACHE row=17 integer=15 queries=105 computations=27
CMIR_CACHE row=28 integer=20 queries=100 computations=27
CMIR_CACHE row=24 integer=18 queries=90 computations=25
CMIR_CACHE row=29 integer=22 queries=132 computations=32
CMIR_CACHE row=29 integer=20 queries=120 computations=29
CMIR_CACHE row=19 integer=16 queries=64 computations=22
CMIR_CACHE row=19 integer=16 queries=64 computations=22
CMIR_CACHE row=11 integer=7 queries=7 computations=7
CMIR_CACHE row=10 integer=7 queries=7 computations=7
CMIR_CACHE row=11 integer=7 queries=7 computations=7
CMIR_CACHE row=12 integer=8 queries=24 computations=12
CMIR_CACHE row=17 integer=15 queries=60 computations=20
CMIR_CACHE row=20 integer=14 queries=84 computations=24
CMIR_CACHE row=16 integer=14 queries=84 computations=24
CMIR_CACHE row=16 integer=14 queries=84 computations=24
CMIR_CACHE row=29 integer=22 queries=132 computations=32
CMIR_CACHE row=29 integer=21 queries=126 computations=30
CMIR_CACHE row=28 integer=17 queries=85 computations=23
CMIR_CACHE row=20 integer=17 queries=85 computations=25
CMIR_CACHE row=27 integer=17 queries=119 computations=27
CMIR_CACHE row=20 integer=17 queries=119 computations=28
CMIR_CACHE row=28 integer=17 queries=85 computations=23
CMIR_CACHE row=20 integer=17 queries=85 computations=24
CMIR_CACHE row=12 integer=8 queries=24 computations=11
CMIR_CACHE row=11 integer=9 queries=27 computations=13
CMIR_CACHE row=16 integer=11 queries=33 computations=15
CMIR_CACHE row=16 integer=11 queries=33 computations=15
CMIR_CACHE row=27 integer=17 queries=119 computations=27
CMIR_CACHE row=20 integer=17 queries=119 computations=28
CMIR_CACHE row=28 integer=17 queries=85 computations=23
CMIR_CACHE row=20 integer=17 queries=85 computations=24
CMIR_CACHE row=24 integer=15 queries=45 computations=19
CMIR_CACHE row=20 integer=15 queries=105 computations=26
CMIR_CACHE row=20 integer=15 queries=105 computations=25
CMIR_CACHE row=21 integer=15 queries=105 computations=25
CMIR_CACHE row=19 integer=15 queries=105 computations=25
CMIR_CACHE row=15 integer=10 queries=30 computations=13
CMIR_CACHE row=16 integer=11 queries=33 computations=15
CMIR_CACHE row=20 integer=15 queries=105 computations=26
CMIR_CACHE row=20 integer=15 queries=105 computations=26
CMIR_CACHE row=22 integer=15 queries=105 computations=25
CMIR_CACHE row=21 integer=15 queries=105 computations=25
CMIR_CACHE row=20 integer=15 queries=105 computations=25
CMIR_CACHE row=20 integer=15 queries=105 computations=26
CMIR_CACHE row=21 integer=14 queries=84 computations=23
CMIR_CACHE row=19 integer=14 queries=84 computations=24
CMIR_CACHE row=13 integer=9 queries=27 computations=13
CMIR_CACHE row=11 integer=9 queries=27 computations=13
CMIR_CACHE row=15 integer=10 queries=30 computations=13
CMIR_CACHE row=16 integer=11 queries=33 computations=13
CMIR_CACHE row=16 integer=11 queries=33 computations=14
CMIR_CACHE row=16 integer=11 queries=33 computations=14
CMIR_CACHE row=12 integer=8 queries=24 computations=11
CMIR_CACHE row=11 integer=9 queries=27 computations=13
CMIR_CACHE row=10 integer=7 queries=7 computations=7
CMIR_CACHE row=26 integer=20 queries=80 computations=26
CMIR_CACHE row=17 integer=10 queries=30 computations=14
CMIR_CACHE row=11 integer=10 queries=30 computations=14
CMIR_CACHE row=15 integer=10 queries=30 computations=14
CMIR_CACHE row=17 integer=14 queries=84 computations=22
CMIR_CACHE row=16 integer=14 queries=84 computations=23
CMIR_CACHE row=16 integer=14 queries=84 computations=23
CMIR_CACHE row=17 integer=14 queries=84 computations=22
CMIR_CACHE row=18 integer=15 queries=105 computations=24
CMIR_CACHE row=17 integer=15 queries=105 computations=24
CMIR_CACHE row=19 integer=14 queries=70 computations=20
CMIR_CACHE row=19 integer=14 queries=84 computations=22
CMIR_CACHE row=27 integer=18 queries=72 computations=23
CMIR_CACHE row=23 integer=20 queries=80 computations=26
CMIR_CACHE row=23 integer=20 queries=80 computations=26
CMIR_CACHE row=27 integer=18 queries=72 computations=23
CMIR_CACHE row=27 integer=20 queries=60 computations=24
CMIR_CACHE row=11 integer=7 queries=7 computations=7
CMIR_CACHE row=10 integer=7 queries=7 computations=7
CMIR_CACHE row=11 integer=7 queries=7 computations=7
CMIR_CACHE row=10 integer=8 queries=16 computations=10
CMIR_CACHE row=29 integer=20 queries=80 computations=26
CMIR_CACHE row=23 integer=20 queries=80 computations=26
CMIR_CACHE row=28 integer=20 queries=80 computations=26
CMIR_CACHE row=25 integer=20 queries=80 computations=25
CMIR_CACHE row=15 integer=14 queries=56 computations=19
CMIR_CACHE row=35 integer=31 queries=124 computations=37
CMIR_CACHE row=40 integer=30 queries=120 computations=35
CMIR_CACHE row=23 integer=17 queries=51 computations=21
CMIR_CACHE row=25 integer=22 queries=88 computations=28
CMIR_CACHE row=30 integer=21 queries=84 computations=27
CMIR_CACHE row=20 integer=15 queries=105 computations=26
CMIR_CACHE row=20 integer=15 queries=105 computations=25
CMIR_CACHE row=22 integer=15 queries=105 computations=25
CMIR_CACHE row=21 integer=15 queries=105 computations=25
CMIR_CACHE row=41 integer=29 queries=116 computations=35
CMIR_CACHE row=33 integer=30 queries=120 computations=36
CMIR_CACHE row=33 integer=30 queries=120 computations=36
CMIR_CACHE row=41 integer=29 queries=116 computations=35
CMIR_CACHE row=35 integer=30 queries=120 computations=36
CMIR_CACHE row=41 integer=29 queries=116 computations=34
CMIR_CACHE row=19 integer=12 queries=48 computations=18
CMIR_CACHE row=15 integer=12 queries=48 computations=18
CMIR_CACHE row=19 integer=12 queries=48 computations=18
CMIR_CACHE row=15 integer=12 queries=48 computations=17
CMIR_CACHE row=12 integer=6 queries=18 computations=10
CMIR_CACHE row=17 integer=11 queries=44 computations=17
CMIR_CACHE row=15 integer=11 queries=44 computations=17
CMIR_CACHE row=10 integer=8 queries=16 computations=10
CMIR_CACHE row=8 integer=6 queries=18 computations=10
CMIR_CACHE row=12 integer=10 queries=30 computations=14
CMIR_CACHE row=13 integer=11 queries=22 computations=13
CMIR_CACHE row=12 integer=6 queries=18 computations=10
CMIR_CACHE row=16 integer=10 queries=40 computations=16
CMIR_CACHE row=15 integer=11 queries=44 computations=17
CMIR_CACHE row=13 integer=9 queries=27 computations=13
CMIR_CACHE row=11 integer=9 queries=27 computations=13
CMIR_CACHE row=23 integer=16 queries=80 computations=24
CMIR_CACHE row=12 integer=8 queries=24 computations=12
CMIR_CACHE row=11 integer=9 queries=27 computations=13
CMIR_CACHE row=10 integer=7 queries=7 computations=7
CMIR_CACHE row=12 integer=8 queries=8 computations=8
CMIR_CACHE row=12 integer=8 queries=8 computations=8
CMIR_CACHE row=19 integer=14 queries=70 computations=22
CMIR_CACHE row=12 integer=10 queries=30 computations=14
CMIR_CACHE row=17 integer=14 queries=84 computations=24
CMIR_CACHE row=16 integer=14 queries=84 computations=23
CMIR_CACHE row=16 integer=14 queries=84 computations=23
CMIR_CACHE row=17 integer=14 queries=84 computations=24
CMIR_CACHE row=18 integer=15 queries=105 computations=26
CMIR_CACHE row=17 integer=15 queries=105 computations=26
CMIR_CACHE row=13 integer=11 queries=22 computations=12
CMIR_CACHE row=35 integer=30 queries=180 computations=40
CMIR_CACHE row=41 integer=31 queries=186 computations=41
CMIR_CACHE row=23 integer=20 queries=120 computations=30
CMIR_CACHE row=27 integer=18 queries=108 computations=27
CMIR_CACHE row=19 integer=16 queries=64 computations=22
CMIR_CACHE row=19 integer=16 queries=64 computations=22
CMIR_CACHE row=11 integer=7 queries=7 computations=7
CMIR_CACHE row=11 integer=7 queries=7 computations=7
CMIR_CACHE row=10 integer=8 queries=16 computations=10
CMIR_CACHE row=23 integer=17 queries=102 computations=27
CMIR_CACHE row=23 integer=17 queries=102 computations=27
CMIR_CACHE row=42 integer=29 queries=174 computations=38
CMIR_CACHE row=42 integer=29 queries=174 computations=38
CMIR_CACHE row=41 integer=29 queries=174 computations=38
CMIR_CACHE row=12 integer=10 queries=30 computations=14
CMIR_CACHE row=16 integer=14 queries=84 computations=24
CMIR_CACHE row=13 integer=11 queries=44 computations=16
CMIR_CACHE row=12 integer=11 queries=33 computations=15
CMIR_CACHE row=13 integer=11 queries=44 computations=16
CMIR_CACHE row=39 integer=28 queries=168 computations=38
CMIR_CACHE row=30 integer=28 queries=168 computations=37
CMIR_CACHE row=30 integer=28 queries=168 computations=37
CMIR_CACHE row=39 integer=28 queries=168 computations=38
CMIR_CACHE row=31 integer=28 queries=168 computations=37
CMIR_CACHE row=38 integer=28 queries=168 computations=38
CMIR_CACHE row=35 integer=32 queries=192 computations=42
CMIR_CACHE row=45 integer=31 queries=186 computations=41
CMIR_CACHE row=15 integer=11 queries=22 computations=13
CMIR_CACHE row=15 integer=11 queries=22 computations=13
CMIR_CACHE row=40 integer=29 queries=145 computations=37
CMIR_CACHE row=34 integer=30 queries=180 computations=40
CMIR_CACHE row=42 integer=29 queries=174 computations=39
CMIR_CACHE row=16 integer=10 queries=40 computations=16
CMIR_CACHE row=15 integer=11 queries=44 computations=17
CMIR_CACHE row=15 integer=11 queries=22 computations=13
CMIR_CACHE row=28 integer=17 queries=85 computations=24
CMIR_CACHE row=20 integer=17 queries=85 computations=25
CMIR_CACHE row=29 integer=27 queries=108 computations=32
CMIR_CACHE row=38 integer=27 queries=108 computations=31
CMIR_CACHE row=17 integer=11 queries=44 computations=17
CMIR_CACHE row=15 integer=11 queries=44 computations=17
CMIR_CACHE row=35 integer=30 queries=180 computations=40
CMIR_CACHE row=41 integer=29 queries=174 computations=38
CMIR_CACHE row=16 integer=10 queries=40 computations=14
CMIR_CACHE row=15 integer=11 queries=44 computations=17
CMIR_CACHE row=16 integer=10 queries=40 computations=15
CMIR_CACHE row=15 integer=11 queries=44 computations=16
CMIR_CACHE row=22 integer=16 queries=80 computations=24
CMIR_CACHE row=17 integer=11 queries=44 computations=16
CMIR_CACHE row=15 integer=11 queries=44 computations=16
CMIR_CACHE row=12 integer=8 queries=8 computations=8
CMIR_CACHE row=33 integer=30 queries=180 computations=40
CMIR_CACHE row=40 integer=29 queries=174 computations=38
CMIR_CACHE row=12 integer=8 queries=8 computations=8
CMIR_CACHE row=19 integer=16 queries=64 computations=22
CMIR_CACHE row=19 integer=16 queries=64 computations=22
CMIR_CACHE row=11 integer=7 queries=7 computations=7
CMIR_CACHE row=11 integer=7 queries=7 computations=7
CMIR_CACHE row=41 integer=29 queries=145 computations=37
CMIR_CACHE row=33 integer=30 queries=150 computations=37
CMIR_CACHE row=33 integer=30 queries=150 computations=37
CMIR_CACHE row=41 integer=29 queries=145 computations=37
CMIR_CACHE row=33 integer=30 queries=180 computations=40
CMIR_CACHE row=41 integer=29 queries=174 computations=39
CMIR_CACHE row=16 integer=14 queries=84 computations=24
CMIR_CACHE row=43 integer=28 queries=168 computations=37
CMIR_CACHE row=40 integer=29 queries=145 computations=37
CMIR_CACHE row=45 integer=31 queries=155 computations=39
CMIR_CACHE row=33 integer=31 queries=155 computations=38
CMIR_CACHE row=33 integer=31 queries=155 computations=38
CMIR_CACHE row=45 integer=31 queries=155 computations=39
CMIR_CACHE row=33 integer=31 queries=186 computations=41
CMIR_CACHE row=45 integer=31 queries=186 computations=41
CMIR_CACHE row=35 integer=33 queries=198 computations=43
CMIR_CACHE row=49 integer=33 queries=198 computations=43
CMIR_CACHE row=13 integer=8 queries=16 computations=10
CMIR_CACHE row=13 integer=11 queries=33 computations=15
CMIR_CACHE row=13 integer=8 queries=16 computations=10
CMIR_CACHE row=19 integer=14 queries=70 computations=20
CMIR_CACHE row=18 integer=12 queries=36 computations=16
CMIR_CACHE row=15 integer=12 queries=36 computations=14
CMIR_CACHE row=18 integer=12 queries=36 computations=15
CMIR_CACHE row=15 integer=12 queries=36 computations=15
CMIR_CACHE row=34 integer=31 queries=186 computations=41
CMIR_CACHE row=46 integer=31 queries=186 computations=41
CMIR_CACHE row=23 integer=17 queries=102 computations=26
CMIR_CACHE row=9 integer=6 queries=12 computations=8
CMIR_CACHE row=23 integer=17 queries=102 computations=26
CMIR_CACHE row=18 integer=12 queries=36 computations=15
CMIR_CACHE row=15 integer=12 queries=36 computations=15
CMIR_CACHE row=15 integer=13 queries=65 computations=20
CMIR_CACHE row=23 integer=17 queries=102 computations=26
CMIR_CACHE row=15 integer=11 queries=44 computations=17
CMIR_CACHE row=11 integer=9 queries=18 computations=11
CMIR_CACHE row=13 integer=11 queries=33 computations=15
CMIR_CACHE row=23 integer=17 queries=102 computations=26
CMIR_CACHE row=13 integer=11 queries=33 computations=15
CMIR_CACHE row=23 integer=17 queries=102 computations=27
CMIR_CACHE row=11 integer=9 queries=18 computations=11
CMIR_CACHE row=15 integer=11 queries=44 computations=17
CMIR_CACHE row=10 integer=7 queries=7 computations=7
CMIR_CACHE row=12 integer=8 queries=8 computations=8
CMIR_CACHE row=33 integer=30 queries=180 computations=40
CMIR_CACHE row=40 integer=29 queries=174 computations=38
CMIR_CACHE row=33 integer=30 queries=180 computations=40
CMIR_CACHE row=40 integer=29 queries=174 computations=39
CMIR_CACHE row=12 integer=8 queries=8 computations=8
CMIR_CACHE row=10 integer=9 queries=9 computations=9
CMIR_CACHE row=19 integer=16 queries=64 computations=21
CMIR_CACHE row=19 integer=16 queries=64 computations=22
CMIR_CACHE row=11 integer=7 queries=7 computations=7
CMIR_CACHE row=10 integer=7 queries=7 computations=7
CMIR_CACHE row=11 integer=7 queries=7 computations=7
CMIR_CACHE row=10 integer=8 queries=24 computations=12
CMIR_CACHE row=13 integer=12 queries=12 computations=12
CMIR_CACHE row=17 integer=12 queries=24 computations=14
CMIR_CACHE row=16 integer=13 queries=26 computations=14
CMIR_CACHE row=11 integer=9 queries=36 computations=15
CMIR_CACHE row=11 integer=9 queries=36 computations=15
CMIR_CACHE row=41 integer=29 queries=145 computations=37
CMIR_CACHE row=33 integer=30 queries=150 computations=37
CMIR_CACHE row=45 integer=31 queries=186 computations=41
CMIR_CACHE row=35 integer=32 queries=192 computations=41
CMIR_CACHE row=47 integer=31 queries=186 computations=41
CMIR_CACHE row=34 integer=32 queries=192 computations=41
CMIR_CACHE row=33 integer=30 queries=150 computations=37
CMIR_CACHE row=41 integer=29 queries=145 computations=37
CMIR_CACHE row=34 integer=30 queries=180 computations=39
CMIR_CACHE row=42 integer=29 queries=174 computations=39
CMIR_CACHE row=35 integer=30 queries=180 computations=39
CMIR_CACHE row=41 integer=29 queries=174 computations=39
CMIR_CACHE row=36 integer=30 queries=180 computations=39
CMIR_CACHE row=40 integer=29 queries=174 computations=39
CMIR_CACHE row=43 integer=28 queries=168 computations=37
CMIR_CACHE row=43 integer=28 queries=168 computations=38
CMIR_CACHE row=30 integer=28 queries=168 computations=38
CMIR_CACHE row=33 integer=30 queries=180 computations=39
CMIR_CACHE row=41 integer=29 queries=174 computations=39
CMIR_CACHE row=34 integer=30 queries=180 computations=39
CMIR_CACHE row=40 integer=29 queries=174 computations=38
CMIR_CACHE row=45 integer=31 queries=155 computations=39
CMIR_CACHE row=33 integer=31 queries=155 computations=38
CMIR_CACHE row=33 integer=31 queries=155 computations=38
CMIR_CACHE row=45 integer=31 queries=155 computations=39
CMIR_CACHE row=33 integer=31 queries=186 computations=41
CMIR_CACHE row=45 integer=31 queries=186 computations=41
CMIR_CACHE row=34 integer=31 queries=186 computations=41
CMIR_CACHE row=44 integer=31 queries=186 computations=41
CMIR_CACHE row=16 integer=14 queries=70 computations=21
CMIR_CACHE row=14 integer=13 queries=65 computations=20
CMIR_CACHE row=33 integer=31 queries=186 computations=41
CMIR_CACHE row=45 integer=31 queries=186 computations=40
CMIR_CACHE row=15 integer=13 queries=65 computations=21
CMIR_CACHE row=36 integer=32 queries=192 computations=42
CMIR_CACHE row=44 integer=31 queries=186 computations=40
CMIR_CACHE row=18 integer=12 queries=36 computations=16
CMIR_CACHE row=15 integer=12 queries=36 computations=14
CMIR_CACHE row=18 integer=12 queries=36 computations=16
CMIR_CACHE row=15 integer=12 queries=36 computations=14
CMIR_CACHE row=23 integer=18 queries=90 computations=26
CMIR_CACHE row=9 integer=6 queries=12 computations=8
CMIR_CACHE row=26 integer=17 queries=85 computations=25
CMIR_CACHE row=22 integer=17 queries=85 computations=24
CMIR_CACHE row=11 integer=9 queries=18 computations=10
CMIR_CACHE row=34 integer=30 queries=180 computations=39
CMIR_CACHE row=40 integer=29 queries=174 computations=38
CMIR_CACHE row=14 integer=12 queries=36 computations=16
CMIR_CACHE row=11 integer=9 queries=18 computations=11
CMIR_CACHE row=11 integer=9 queries=18 computations=11
CMIR_CACHE row=21 integer=20 queries=100 computations=27
CMIR_CACHE row=27 integer=19 queries=95 computations=27
CMIR_CACHE row=16 integer=13 queries=26 computations=14
CMIR_CACHE row=16 integer=13 queries=26 computations=14
CMIR_CACHE row=15 integer=13 queries=39 computations=17
CMIR_CACHE row=16 integer=14 queries=42 computations=18
CMIR_CACHE row=7 integer=6 queries=18 computations=10
CMIR_CACHE row=14 integer=12 queries=48 computations=17
CMIR_CACHE row=16 integer=13 queries=52 computations=19
CMIR_CACHE row=28 integer=19 queries=95 computations=26
CMIR_CACHE row=21 integer=20 queries=100 computations=28
CMIR_CACHE row=21 integer=20 queries=100 computations=28
CMIR_CACHE row=28 integer=19 queries=95 computations=26
CMIR_CACHE row=22 integer=20 queries=100 computations=28
CMIR_CACHE row=27 integer=19 queries=95 computations=27
CMIR_CACHE row=13 integer=11 queries=33 computations=14
CMIR_CACHE row=14 integer=12 queries=36 computations=15
CMIR_CACHE row=41 integer=29 queries=174 computations=37
CMIR_CACHE row=33 integer=30 queries=180 computations=39
CMIR_CACHE row=33 integer=30 queries=180 computations=39
CMIR_CACHE row=41 integer=29 queries=174 computations=37
CMIR_CACHE row=34 integer=30 queries=180 computations=40
CMIR_CACHE row=40 integer=29 queries=174 computations=37
CMIR_CACHE row=34 integer=30 queries=180 computations=39
CMIR_CACHE row=41 integer=29 queries=174 computations=38
CMIR_CACHE row=33 integer=30 queries=180 computations=38
CMIR_CACHE row=41 integer=29 queries=174 computations=39
CMIR_CACHE row=29 integer=27 queries=135 computations=34
CMIR_CACHE row=38 integer=27 queries=135 computations=35
CMIR_CACHE row=22 integer=17 queries=85 computations=25
CMIR_CACHE row=22 integer=17 queries=85 computations=25
CMIR_CACHE row=34 integer=31 queries=186 computations=40
CMIR_CACHE row=44 integer=31 queries=186 computations=41
CMIR_CACHE row=15 integer=14 queries=56 computations=20
CMIR_CACHE row=16 integer=14 queries=56 computations=19
CMIR_CACHE row=28 integer=20 queries=80 computations=26
CMIR_CACHE row=23 integer=20 queries=100 computations=28
CMIR_CACHE row=24 integer=18 queries=90 computations=26
CMIR_CACHE row=36 integer=33 queries=198 computations=43
CMIR_CACHE row=48 integer=33 queries=198 computations=43
CMIR_CACHE row=18 integer=12 queries=36 computations=16
CMIR_CACHE row=15 integer=12 queries=36 computations=14
CMIR_CACHE row=18 integer=12 queries=36 computations=16
CMIR_CACHE row=15 integer=12 queries=36 computations=14
CMIR_CACHE row=9 integer=6 queries=12 computations=8
CMIR_CACHE row=23 integer=18 queries=90 computations=24
CMIR_CACHE row=24 integer=18 queries=90 computations=24
CMIR_CACHE row=11 integer=9 queries=18 computations=11
CMIR_CACHE row=22 integer=20 queries=100 computations=28
CMIR_CACHE row=27 integer=19 queries=95 computations=27
CMIR_CACHE row=36 integer=30 queries=150 computations=37
CMIR_CACHE row=41 integer=29 queries=145 computations=36
CMIR_CACHE row=11 integer=9 queries=18 computations=11
CMIR_CACHE row=11 integer=9 queries=18 computations=11
CMIR_CACHE row=21 integer=20 queries=100 computations=27
CMIR_CACHE row=27 integer=19 queries=95 computations=27
CMIR_CACHE row=22 integer=20 queries=100 computations=27
CMIR_CACHE row=26 integer=19 queries=95 computations=27
CMIR_CACHE row=28 integer=19 queries=95 computations=26
CMIR_CACHE row=21 integer=20 queries=100 computations=28
CMIR_CACHE row=24 integer=21 queries=126 computations=30
CMIR_CACHE row=21 integer=20 queries=100 computations=28
CMIR_CACHE row=28 integer=19 queries=95 computations=26
CMIR_CACHE row=22 integer=20 queries=100 computations=28
CMIR_CACHE row=27 integer=19 queries=95 computations=27
CMIR_CACHE row=35 integer=31 queries=186 computations=40
CMIR_CACHE row=42 integer=30 queries=180 computations=39
CMIR_CACHE row=41 integer=29 queries=174 computations=37
CMIR_CACHE row=33 integer=30 queries=180 computations=39
CMIR_CACHE row=41 integer=29 queries=174 computations=37
CMIR_CACHE row=33 integer=30 queries=180 computations=39
CMIR_CACHE row=34 integer=31 queries=186 computations=41
CMIR_CACHE row=45 integer=31 queries=186 computations=40
CMIR_CACHE row=33 integer=30 queries=180 computations=39
CMIR_CACHE row=41 integer=29 queries=174 computations=37
CMIR_CACHE row=34 integer=30 queries=180 computations=40
CMIR_CACHE row=40 integer=29 queries=174 computations=37
CMIR_CACHE row=35 integer=31 queries=186 computations=41
CMIR_CACHE row=42 integer=30 queries=180 computations=38
CMIR_CACHE row=35 integer=30 queries=180 computations=39
CMIR_CACHE row=42 integer=29 queries=174 computations=38
CMIR_CACHE row=36 integer=30 queries=180 computations=39
CMIR_CACHE row=41 integer=29 queries=174 computations=38
CMIR_CACHE row=29 integer=27 queries=135 computations=35
CMIR_CACHE row=38 integer=27 queries=135 computations=34
CMIR_CACHE row=38 integer=32 queries=192 computations=40
CMIR_CACHE row=43 integer=30 queries=180 computations=39
CMIR_CACHE row=39 integer=32 queries=192 computations=40
CMIR_CACHE row=42 integer=30 queries=180 computations=39
CMIR_CACHE row=34 integer=31 queries=186 computations=40
CMIR_CACHE row=44 integer=31 queries=186 computations=41
CMIR_CACHE row=34 integer=31 queries=186 computations=40
CMIR_CACHE row=45 integer=31 queries=186 computations=40
CMIR_CACHE row=16 integer=14 queries=56 computations=19
CMIR_CACHE row=15 integer=14 queries=56 computations=18
CMIR_CACHE row=16 integer=14 queries=56 computations=19
CMIR_CACHE row=18 integer=11 queries=22 computations=13
CMIR_CACHE row=29 integer=22 queries=132 computations=30
CMIR_CACHE row=28 integer=22 queries=132 computations=31
CMIR_CACHE row=18 integer=11 queries=22 computations=13
CMIR_CACHE row=29 integer=22 queries=132 computations=31
CMIR_CACHE row=28 integer=22 queries=132 computations=32
CMIR_CACHE row=30 integer=22 queries=132 computations=31
CMIR_CACHE row=27 integer=22 queries=132 computations=31
CMIR_CACHE row=21 integer=15 queries=105 computations=27
CMIR_CACHE row=19 integer=15 queries=105 computations=27
CMIR_CACHE row=38 integer=32 queries=256 computations=44
CMIR_CACHE row=45 integer=32 queries=288 computations=48
CMIR_CACHE row=26 integer=17 queries=102 computations=27
CMIR_CACHE row=22 integer=17 queries=102 computations=27
CMIR_CACHE row=11 integer=9 queries=27 computations=13
CMIR_CACHE row=18 integer=11 queries=22 computations=13
CMIR_CACHE row=38 integer=32 queries=288 computations=46
CMIR_CACHE row=44 integer=32 queries=288 computations=48
CMIR_CACHE row=46 integer=37 queries=407 computations=55
CMIR_CACHE row=50 integer=37 queries=370 computations=55
CMIR_CACHE row=11 integer=6 queries=24 computations=12
CMIR_CACHE row=9 integer=6 queries=24 computations=11
CMIR_CACHE row=38 integer=32 queries=288 computations=47
CMIR_CACHE row=44 integer=32 queries=288 computations=48
CMIR_CACHE row=21 integer=15 queries=105 computations=26
CMIR_CACHE row=19 integer=15 queries=105 computations=26
CMIR_CACHE row=21 integer=15 queries=90 computations=23
CMIR_CACHE row=19 integer=15 queries=105 computations=27
CMIR_CACHE row=28 integer=19 queries=133 computations=30
CMIR_CACHE row=21 integer=20 queries=140 computations=32
CMIR_CACHE row=27 integer=19 queries=133 computations=30
CMIR_CACHE row=21 integer=20 queries=140 computations=32
CMIR_CACHE row=21 integer=20 queries=140 computations=32
CMIR_CACHE row=28 integer=19 queries=133 computations=30
CMIR_CACHE row=26 integer=21 queries=168 computations=34
CMIR_CACHE row=23 integer=17 queries=85 computations=25
CMIR_CACHE row=17 integer=16 queries=80 computations=23
CMIR_CACHE row=20 integer=18 queries=108 computations=27
CMIR_CACHE row=28 integer=18 queries=108 computations=27
CMIR_CACHE row=31 integer=22 queries=132 computations=31
CMIR_CACHE row=28 integer=22 queries=132 computations=31
CMIR_CACHE row=20 integer=18 queries=108 computations=27
CMIR_CACHE row=27 integer=18 queries=108 computations=27
CMIR_CACHE row=46 integer=32 queries=288 computations=47
CMIR_CACHE row=33 integer=30 queries=270 computations=46
CMIR_CACHE row=30 integer=28 queries=196 computations=39
CMIR_CACHE row=39 integer=28 queries=140 computations=35
CMIR_CACHE row=42 integer=31 queries=279 computations=46
CMIR_CACHE row=37 integer=32 queries=288 computations=47
CMIR_CACHE row=38 integer=32 queries=256 computations=44
CMIR_CACHE row=44 integer=32 queries=288 computations=48
CMIR_CACHE row=46 integer=37 queries=370 computations=53
CMIR_CACHE row=50 integer=37 queries=370 computations=55
CMIR_CACHE row=30 integer=22 queries=132 computations=32
CMIR_CACHE row=28 integer=22 queries=132 computations=31
CMIR_CACHE row=30 integer=22 queries=132 computations=31
CMIR_CACHE row=28 integer=22 queries=132 computations=31
CMIR_CACHE row=45 integer=30 queries=270 computations=45
CMIR_CACHE row=33 integer=32 queries=288 computations=46
CMIR_CACHE row=33 integer=32 queries=288 computations=46
CMIR_CACHE row=45 integer=30 queries=270 computations=45
CMIR_CACHE row=37 integer=32 queries=288 computations=46
CMIR_CACHE row=43 integer=30 queries=270 computations=45
CMIR_CACHE row=29 integer=22 queries=132 computations=31
CMIR_CACHE row=28 integer=22 queries=132 computations=32
CMIR_CACHE row=30 integer=22 queries=132 computations=32
CMIR_CACHE row=27 integer=22 queries=132 computations=30
CMIR_CACHE row=18 integer=11 queries=22 computations=13
CMIR_CACHE row=18 integer=11 queries=22 computations=13
CMIR_CACHE row=36 integer=32 queries=320 computations=50
CMIR_CACHE row=44 integer=30 queries=300 computations=48
CMIR_CACHE row=56 integer=48 queries=672 computations=73
CMIR_CACHE row=64 integer=46 queries=644 computations=71
CMIR_CACHE row=10 integer=6 queries=24 computations=12
CMIR_CACHE row=10 integer=6 queries=24 computations=11
CMIR_CACHE row=10 integer=6 queries=24 computations=11
CMIR_CACHE row=10 integer=6 queries=24 computations=12
CMIR_CACHE row=22 integer=18 queries=126 computations=30
CMIR_CACHE row=25 integer=18 queries=126 computations=30
CMIR_CACHE row=18 integer=11 queries=22 computations=13
CMIR_CACHE row=36 integer=32 queries=320 computations=50
CMIR_CACHE row=44 integer=30 queries=300 computations=48
CMIR_CACHE row=44 integer=37 queries=444 computations=57
CMIR_CACHE row=50 integer=35 queries=420 computations=56
CMIR_CACHE row=12 integer=8 queries=8 computations=8
CMIR_CACHE row=12 integer=8 queries=8 computations=8
CMIR_CACHE row=49 integer=41 queries=574 computations=66
CMIR_CACHE row=57 integer=41 queries=574 computations=66
CMIR_CACHE row=23 integer=17 queries=102 computations=27
CMIR_CACHE row=17 integer=16 queries=96 computations=25
CMIR_CACHE row=19 integer=12 queries=24 computations=14
CMIR_CACHE row=45 integer=31 queries=310 computations=49
CMIR_CACHE row=33 integer=31 queries=310 computations=49
CMIR_CACHE row=23 integer=18 queries=108 computations=27
CMIR_CACHE row=22 integer=18 queries=108 computations=28
CMIR_CACHE row=23 integer=18 queries=108 computations=28
CMIR_CACHE row=22 integer=18 queries=108 computations=27
CMIR_CACHE row=45 integer=30 queries=300 computations=48
CMIR_CACHE row=33 integer=32 queries=320 computations=50
CMIR_CACHE row=33 integer=32 queries=320 computations=50
CMIR_CACHE row=45 integer=30 queries=300 computations=48
CMIR_CACHE row=41 integer=37 queries=444 computations=58
CMIR_CACHE row=51 integer=35 queries=420 computations=55
CMIR_CACHE row=34 integer=31 queries=310 computations=48
CMIR_CACHE row=44 integer=31 queries=310 computations=48
CMIR_CACHE row=35 integer=33 queries=231 computations=42
CMIR_CACHE row=45 integer=31 queries=217 computations=41
CMIR_CACHE row=24 integer=19 queries=114 computations=29
CMIR_CACHE row=23 integer=17 queries=85 computations=25
CMIR_CACHE row=17 integer=16 queries=80 computations=23
CMIR_CACHE row=44 integer=32 queries=320 computations=49
CMIR_CACHE row=39 integer=33 queries=330 computations=50
CMIR_CACHE row=45 integer=30 queries=270 computations=45
CMIR_CACHE row=33 integer=32 queries=288 computations=46
CMIR_CACHE row=33 integer=32 queries=288 computations=46
CMIR_CACHE row=45 integer=30 queries=270 computations=45
CMIR_CACHE row=37 integer=32 queries=288 computations=46
CMIR_CACHE row=43 integer=30 queries=270 computations=46
CMIR_CACHE row=18 integer=13 queries=78 computations=22
CMIR_CACHE row=17 integer=13 queries=78 computations=23
CMIR_CACHE row=26 integer=20 queries=140 computations=31
CMIR_CACHE row=21 integer=20 queries=140 computations=31
CMIR_CACHE row=44 integer=35 queries=245 computations=47
CMIR_CACHE row=44 integer=35 queries=245 computations=47
CMIR_CACHE row=15 integer=13 queries=39 computations=16
CMIR_CACHE row=14 integer=13 queries=39 computations=17
CMIR_CACHE row=24 integer=18 queries=126 computations=30
CMIR_CACHE row=57 integer=48 queries=672 computations=72
CMIR_CACHE row=63 integer=46 queries=644 computations=71
CMIR_CACHE row=36 integer=32 queries=320 computations=50
CMIR_CACHE row=44 integer=30 queries=300 computations=48
CMIR_CACHE row=45 integer=37 queries=444 computations=59
CMIR_CACHE row=49 integer=35 queries=420 computations=57
CMIR_CACHE row=57 integer=48 queries=672 computations=72
CMIR_CACHE row=63 integer=46 queries=644 computations=70
CMIR_CACHE row=60 integer=48 queries=672 computations=74
CMIR_CACHE row=62 integer=46 queries=644 computations=71
CMIR_CACHE row=36 integer=32 queries=320 computations=50
CMIR_CACHE row=44 integer=30 queries=300 computations=48
CMIR_CACHE row=45 integer=37 queries=444 computations=59
CMIR_CACHE row=49 integer=35 queries=420 computations=57
CMIR_CACHE row=55 integer=44 queries=572 computations=68
CMIR_CACHE row=59 integer=43 queries=559 computations=67
CMIR_CACHE row=33 integer=32 queries=320 computations=50
CMIR_CACHE row=45 integer=30 queries=300 computations=47
CMIR_CACHE row=34 integer=32 queries=320 computations=49
CMIR_CACHE row=45 integer=31 queries=310 computations=48
CMIR_CACHE row=45 integer=30 queries=300 computations=48
CMIR_CACHE row=33 integer=32 queries=320 computations=50
CMIR_CACHE row=33 integer=32 queries=320 computations=50
CMIR_CACHE row=45 integer=30 queries=300 computations=48
CMIR_CACHE row=42 integer=37 queries=444 computations=58
CMIR_CACHE row=50 integer=35 queries=420 computations=55
CMIR_CACHE row=23 integer=18 queries=126 computations=30
CMIR_CACHE row=23 integer=18 queries=126 computations=30
CMIR_CACHE row=26 integer=17 queries=68 computations=23
CMIR_CACHE row=20 integer=17 queries=68 computations=23
CMIR_CACHE row=26 integer=17 queries=68 computations=22
CMIR_CACHE row=20 integer=17 queries=68 computations=23
CMIR_CACHE row=26 integer=17 queries=68 computations=22
CMIR_CACHE row=20 integer=17 queries=68 computations=23
CMIR_CACHE row=37 integer=32 queries=320 computations=47
CMIR_CACHE row=44 integer=30 queries=300 computations=47
CMIR_CACHE row=31 integer=29 queries=203 computations=39
CMIR_CACHE row=40 integer=28 queries=168 computations=36
CMIR_CACHE row=26 integer=17 queries=68 computations=22
CMIR_CACHE row=20 integer=17 queries=68 computations=23
CMIR_CACHE row=26 integer=17 queries=68 computations=22
CMIR_CACHE row=20 integer=17 queries=68 computations=23
CMIR_CACHE row=25 integer=16 queries=48 computations=20
CMIR_CACHE row=20 integer=16 queries=64 computations=21
CMIR_CACHE row=11 integer=9 queries=18 computations=11
CMIR_CACHE row=45 integer=30 queries=300 computations=45
CMIR_CACHE row=33 integer=32 queries=320 computations=48
CMIR_CACHE row=33 integer=32 queries=320 computations=48
CMIR_CACHE row=45 integer=30 queries=300 computations=45
CMIR_CACHE row=23 integer=18 queries=126 computations=30
CMIR_CACHE row=24 integer=18 queries=126 computations=29
CMIR_CACHE row=40 integer=27 queries=189 computations=38
CMIR_CACHE row=29 integer=28 queries=196 computations=37
CMIR_CACHE row=29 integer=28 queries=196 computations=37
CMIR_CACHE row=40 integer=27 queries=189 computations=38
CMIR_CACHE row=11 integer=8 queries=16 computations=10
CMIR_CACHE row=8 integer=4 queries=8 computations=6
CMIR_CACHE row=8 integer=4 queries=8 computations=6
CMIR_CACHE row=10 integer=5 queries=15 computations=9
CMIR_CACHE row=10 integer=7 queries=7 computations=7
CMIR_CACHE row=10 integer=7 queries=7 computations=7
CMIR_CACHE row=12 integer=10 queries=20 computations=12
CMIR_CACHE row=9 integer=7 queries=28 computations=12
CMIR_CACHE row=4 integer=2 queries=4 computations=4
CMIR_CACHE row=10 integer=5 queries=15 computations=9
CMIR_CACHE row=8 integer=2 queries=4 computations=3
CMIR_CACHE row=4 integer=2 queries=4 computations=4
CMIR_CACHE row=9 integer=5 queries=15 computations=9
CMIR_CACHE row=6 integer=4 queries=12 computations=8
CMIR_CACHE row=7 integer=4 queries=8 computations=6
CMIR_CACHE row=12 integer=10 queries=20 computations=12
CMIR_CACHE row=11 integer=10 queries=20 computations=12
CMIR_CACHE row=8 integer=5 queries=15 computations=9
CMIR_CACHE row=7 integer=5 queries=15 computations=9
CMIR_CACHE row=9 integer=7 queries=28 computations=12
CMIR_CACHE row=5 integer=4 queries=4 computations=4
CMIR_CACHE row=5 integer=4 queries=8 computations=6
CMIR_CACHE row=9 integer=9 queries=27 computations=13
CMIR_CACHE row=10 integer=9 queries=27 computations=13
CMIR_CACHE row=9 integer=7 queries=28 computations=12
CMIR_CACHE row=7 integer=4 queries=12 computations=8
CMIR_CACHE row=8 integer=3 queries=6 computations=5
CMIR_CACHE row=9 integer=3 queries=6 computations=5
CMIR_CACHE row=6 integer=4 queries=12 computations=8
CMIR_CACHE row=4 integer=2 queries=4 computations=4
CMIR_CACHE row=8 integer=2 queries=4 computations=3
CMIR_CACHE row=4 integer=2 queries=4 computations=4
CMIR_CACHE row=9 integer=5 queries=15 computations=9
CMIR_CACHE row=6 integer=4 queries=12 computations=8
CMIR_CACHE row=7 integer=4 queries=8 computations=6
CMIR_CACHE row=7 integer=6 queries=6 computations=6
CMIR_CACHE row=20 integer=10 queries=30 computations=14
CMIR_CACHE row=17 integer=7 queries=28 computations=13
CMIR_CACHE row=7 integer=6 queries=6 computations=6
CMIR_CACHE row=7 integer=3 queries=6 computations=5
CMIR_CACHE row=7 integer=3 queries=6 computations=5
CMIR_CACHE row=20 integer=8 queries=40 computations=13
CMIR_CACHE row=10 integer=5 queries=15 computations=9
CMIR_CACHE row=11 integer=5 queries=10 computations=7
CMIR_CACHE row=7 integer=5 queries=10 computations=7
CMIR_CACHE row=8 integer=5 queries=15 computations=9
CMIR_CACHE row=20 integer=10 queries=30 computations=14
CMIR_CACHE row=21 integer=10 queries=30 computations=14
CMIR_CACHE row=10 integer=10 queries=30 computations=14
CMIR_CACHE row=8 integer=5 queries=15 computations=9
CMIR_CACHE row=7 integer=5 queries=15 computations=9
CMIR_CACHE row=17 integer=7 queries=28 computations=13
CMIR_CACHE row=20 integer=8 queries=40 computations=12
CMIR_CACHE row=10 integer=8 queries=40 computations=16
CMIR_CACHE row=9 integer=9 queries=36 computations=14
CMIR_CACHE row=10 integer=9 queries=36 computations=15
CMIR_CACHE row=8 integer=5 queries=15 computations=9
CMIR_CACHE row=20 integer=10 queries=30 computations=14
CMIR_CACHE row=21 integer=10 queries=30 computations=14
CMIR_CACHE row=10 integer=10 queries=30 computations=14
CMIR_CACHE row=7 integer=4 queries=12 computations=8
CMIR_CACHE row=8 integer=3 queries=6 computations=5
CMIR_CACHE row=9 integer=3 queries=6 computations=5
CMIR_CACHE row=6 integer=4 queries=12 computations=8
CMIR_CACHE row=7 integer=6 queries=6 computations=6
CMIR_CACHE row=10 integer=5 queries=15 computations=9
CMIR_CACHE row=7 integer=6 queries=6 computations=6
CMIR_CACHE row=8 integer=5 queries=15 computations=9
CMIR_CACHE row=20 integer=8 queries=40 computations=13
CMIR_CACHE row=17 integer=7 queries=28 computations=12
CMIR_CACHE row=13 integer=3 queries=6 computations=4
CMIR_CACHE row=20 integer=8 queries=40 computations=15
CMIR_CACHE row=3 integer=3 queries=6 computations=5
CMIR_CACHE row=8 integer=3 queries=9 computations=7
CMIR_CACHE row=6 integer=3 queries=9 computations=7
CMIR_CACHE row=20 integer=10 queries=40 computations=16
CMIR_CACHE row=13 integer=10 queries=40 computations=16
CMIR_CACHE row=17 integer=7 queries=28 computations=12
CMIR_CACHE row=9 integer=7 queries=28 computations=13
CMIR_CACHE row=11 integer=5 queries=15 computations=9
CMIR_CACHE row=6 integer=5 queries=15 computations=9
CMIR_CACHE row=12 integer=7 queries=35 computations=15
CMIR_CACHE row=15 integer=6 queries=24 computations=11
CMIR_CACHE row=8 integer=6 queries=24 computations=11
CMIR_CACHE row=8 integer=3 queries=9 computations=7
CMIR_CACHE row=6 integer=3 queries=9 computations=7
CMIR_CACHE row=15 integer=6 queries=30 computations=13
CMIR_CACHE row=8 integer=6 queries=30 computations=14
CMIR_CACHE row=20 integer=8 queries=40 computations=12
CMIR_CACHE row=10 integer=8 queries=40 computations=16
CMIR_CACHE row=20 integer=8 queries=40 computations=12
CMIR_CACHE row=10 integer=8 queries=40 computations=16
CMIR_CACHE row=11 integer=5 queries=15 computations=9
CMIR_CACHE row=6 integer=5 queries=15 computations=9
CMIR_CACHE row=13 integer=7 queries=28 computations=13
CMIR_CACHE row=9 integer=7 queries=28 computations=12
CMIR_CACHE row=11 integer=5 queries=20 computations=10
CMIR_CACHE row=7 integer=5 queries=20 computations=10
CMIR_CACHE row=20 integer=10 queries=40 computations=15
CMIR_CACHE row=13 integer=10 queries=40 computations=16
CMIR_CACHE row=23 integer=11 queries=55 computations=17
CMIR_CACHE row=14 integer=11 queries=55 computations=19
CMIR_CACHE row=17 integer=7 queries=28 computations=13
CMIR_CACHE row=9 integer=7 queries=28 computations=13
CMIR_CACHE row=20 integer=8 queries=40 computations=12
CMIR_CACHE row=10 integer=8 queries=40 computations=15
CMIR_CACHE row=20 integer=8 queries=40 computations=12
CMIR_CACHE row=10 integer=8 queries=40 computations=15
CMIR_CACHE row=9 integer=9 queries=45 computations=14
CMIR_CACHE row=10 integer=9 queries=45 computations=16
CMIR_CACHE row=15 integer=8 queries=32 computations=14
CMIR_CACHE row=17 integer=7 queries=28 computations=12
CMIR_CACHE row=9 integer=7 queries=28 computations=13
CMIR_CACHE row=20 integer=8 queries=40 computations=13
CMIR_CACHE row=10 integer=8 queries=40 computations=16
CMIR_CACHE row=20 integer=8 queries=40 computations=13
CMIR_CACHE row=10 integer=8 queries=40 computations=16
CMIR_CACHE row=6 integer=4 queries=12 computations=8
CMIR_CACHE row=8 integer=3 queries=9 computations=7
CMIR_CACHE row=6 integer=3 queries=9 computations=7
CMIR_CACHE row=15 integer=6 queries=30 computations=13
CMIR_CACHE row=8 integer=6 queries=30 computations=14
CMIR_CACHE row=3 integer=3 queries=6 computations=5
CMIR_CACHE row=7 integer=5 queries=10 computations=7
CMIR_CACHE row=12 integer=5 queries=15 computations=8
CMIR_CACHE row=15 integer=6 queries=30 computations=13
CMIR_CACHE row=8 integer=6 queries=30 computations=14
CMIR_CACHE row=20 integer=8 queries=40 computations=13
CMIR_CACHE row=17 integer=7 queries=28 computations=12
CMIR_CACHE row=9 integer=7 queries=28 computations=13
CMIR_CACHE row=20 integer=8 queries=40 computations=13
CMIR_CACHE row=11 integer=8 queries=40 computations=16
CMIR_CACHE row=7 integer=6 queries=12 computations=7
CMIR_CACHE row=11 integer=5 queries=15 computations=9
CMIR_CACHE row=6 integer=5 queries=15 computations=9
CMIR_CACHE row=8 integer=3 queries=9 computations=7
CMIR_CACHE row=11 integer=5 queries=20 computations=9
CMIR_CACHE row=7 integer=5 queries=20 computations=10
CMIR_CACHE row=4 integer=2 queries=2 computations=2
CMIR_CACHE row=4 integer=2 queries=2 computations=2
CMIR_CACHE row=13 integer=3 queries=6 computations=5
CMIR_CACHE row=4 integer=3 queries=6 computations=5
CMIR_CACHE row=20 integer=8 queries=40 computations=15
CMIR_CACHE row=3 integer=3 queries=6 computations=5
CMIR_CACHE row=17 integer=7 queries=14 computations=9
CMIR_CACHE row=6 integer=4 queries=12 computations=8
CMIR_CACHE row=7 integer=5 queries=10 computations=7
CMIR_CACHE row=7 integer=5 queries=10 computations=7
CMIR_CACHE row=4 integer=2 queries=2 computations=2
CMIR_CACHE row=4 integer=2 queries=2 computations=2
CMIR_CACHE row=6 integer=2 queries=4 computations=4
CMIR_CACHE row=6 integer=2 queries=4 computations=4
CMIR_CACHE row=6 integer=3 queries=9 computations=6
CMIR_CACHE row=15 integer=6 queries=30 computations=13
CMIR_CACHE row=8 integer=6 queries=30 computations=14
CMIR_CACHE row=8 integer=3 queries=9 computations=7
CMIR_CACHE row=6 integer=3 queries=9 computations=7
CMIR_CACHE row=15 integer=6 queries=30 computations=14
CMIR_CACHE row=8 integer=6 queries=30 computations=13
CMIR_CACHE row=20 integer=10 queries=40 computations=16
CMIR_CACHE row=13 integer=10 queries=40 computations=16
CMIR_CACHE row=23 integer=11 queries=55 computations=18
CMIR_CACHE row=14 integer=11 queries=55 computations=19
CMIR_CACHE row=17 integer=7 queries=28 computations=13
CMIR_CACHE row=9 integer=7 queries=28 computations=13
CMIR_CACHE row=20 integer=8 queries=40 computations=12
CMIR_CACHE row=10 integer=8 queries=40 computations=16
CMIR_CACHE row=20 integer=8 queries=40 computations=12
CMIR_CACHE row=10 integer=8 queries=40 computations=16
CMIR_CACHE row=6 integer=3 queries=9 computations=7
CMIR_CACHE row=15 integer=6 queries=30 computations=13
CMIR_CACHE row=15 integer=6 queries=30 computations=13
CMIR_CACHE row=8 integer=6 queries=30 computations=13
CMIR_CACHE row=8 integer=3 queries=9 computations=7
CMIR_CACHE row=6 integer=3 queries=9 computations=7
CMIR_CACHE row=15 integer=6 queries=30 computations=13
CMIR_CACHE row=8 integer=6 queries=30 computations=14
CMIR_CACHE row=20 integer=8 queries=40 computations=14
CMIR_CACHE row=10 integer=4 queries=12 computations=8
CMIR_CACHE row=15 integer=6 queries=30 computations=12
CMIR_CACHE row=8 integer=6 queries=30 computations=14
CMIR_CACHE row=15 integer=6 queries=30 computations=13
CMIR_CACHE row=8 integer=6 queries=30 computations=14
CMIR_CACHE row=20 integer=10 queries=40 computations=15
CMIR_CACHE row=13 integer=10 queries=40 computations=16
CMIR_CACHE row=23 integer=11 queries=55 computations=17
CMIR_CACHE row=14 integer=11 queries=55 computations=19
CMIR_CACHE row=17 integer=7 queries=28 computations=13
CMIR_CACHE row=9 integer=7 queries=28 computations=13
CMIR_CACHE row=20 integer=8 queries=40 computations=12
CMIR_CACHE row=10 integer=8 queries=40 computations=16
CMIR_CACHE row=20 integer=8 queries=40 computations=12
CMIR_CACHE row=10 integer=8 queries=40 computations=16
CMIR_CACHE row=9 integer=9 queries=45 computations=14
CMIR_CACHE row=10 integer=9 queries=45 computations=16
CMIR_CACHE row=7 integer=4 queries=12 computations=8
CMIR_CACHE row=11 integer=5 queries=20 computations=10
CMIR_CACHE row=7 integer=5 queries=20 computations=11
CMIR_CACHE row=20 integer=10 queries=40 computations=16
CMIR_CACHE row=13 integer=10 queries=40 computations=16
CMIR_CACHE row=23 integer=11 queries=55 computations=18
CMIR_CACHE row=14 integer=11 queries=55 computations=19
CMIR_CACHE row=17 integer=7 queries=28 computations=13
CMIR_CACHE row=9 integer=7 queries=28 computations=13
CMIR_CACHE row=20 integer=8 queries=40 computations=13
CMIR_CACHE row=10 integer=8 queries=40 computations=16
CMIR_CACHE row=20 integer=8 queries=40 computations=13
CMIR_CACHE row=10 integer=8 queries=40 computations=16
CMIR_CACHE row=6 integer=3 queries=9 computations=7
CMIR_CACHE row=15 integer=6 queries=30 computations=13
CMIR_CACHE row=15 integer=6 queries=30 computations=13
CMIR_CACHE row=8 integer=6 queries=30 computations=13
CMIR_CACHE row=8 integer=3 queries=9 computations=7
CMIR_CACHE row=6 integer=3 queries=9 computations=7
CMIR_CACHE row=15 integer=6 queries=30 computations=13
CMIR_CACHE row=8 integer=6 queries=30 computations=14
CMIR_CACHE row=10 integer=4 queries=12 computations=8
CMIR_CACHE row=15 integer=6 queries=30 computations=12
CMIR_CACHE row=8 integer=6 queries=30 computations=13
CMIR_CACHE row=15 integer=6 queries=30 computations=13
CMIR_CACHE row=8 integer=6 queries=30 computations=14
CMIR_CACHE row=20 integer=8 queries=40 computations=13
CMIR_CACHE row=17 integer=7 queries=28 computations=12
CMIR_CACHE row=9 integer=7 queries=28 computations=13
CMIR_CACHE row=20 integer=8 queries=40 computations=13
CMIR_CACHE row=11 integer=8 queries=40 computations=16
CMIR_CACHE row=7 integer=3 queries=6 computations=5
CMIR_CACHE row=8 integer=5 queries=20 computations=11
CMIR_CACHE row=8 integer=3 queries=9 computations=7
CMIR_CACHE row=13 integer=3 queries=6 computations=5
CMIR_CACHE row=4 integer=3 queries=6 computations=5
CMIR_CACHE row=20 integer=8 queries=40 computations=15
CMIR_CACHE row=8 integer=6 queries=12 computations=8
CMIR_CACHE row=17 integer=7 queries=14 computations=9
CMIR_CACHE row=7 integer=5 queries=15 computations=9
CMIR_CACHE row=4 integer=2 queries=2 computations=2
CMIR_CACHE row=4 integer=2 queries=2 computations=2
CMIR_CACHE row=12 integer=6 queries=30 computations=14
CMIR_CACHE row=8 integer=6 queries=30 computations=14
CMIR_CACHE row=5 integer=5 queries=15 computations=8
CMIR_CACHE row=16 integer=6 queries=30 computations=12
CMIR_CACHE row=7 integer=6 queries=30 computations=12
CMIR_CACHE row=7 integer=5 queries=20 computations=11
CMIR_CACHE row=5 integer=2 queries=4 computations=4
CMIR_CACHE row=20 integer=10 queries=40 computations=16
CMIR_CACHE row=13 integer=10 queries=40 computations=16
CMIR_CACHE row=23 integer=11 queries=55 computations=18
CMIR_CACHE row=14 integer=11 queries=55 computations=19
CMIR_CACHE row=17 integer=7 queries=28 computations=13
CMIR_CACHE row=9 integer=7 queries=28 computations=13
CMIR_CACHE row=20 integer=8 queries=40 computations=12
CMIR_CACHE row=10 integer=8 queries=40 computations=16
CMIR_CACHE row=20 integer=8 queries=40 computations=12
CMIR_CACHE row=10 integer=8 queries=40 computations=16
CMIR_CACHE row=7 integer=4 queries=12 computations=8
CMIR_CACHE row=16 integer=6 queries=30 computations=12
CMIR_CACHE row=7 integer=6 queries=30 computations=13
CMIR_CACHE row=7 integer=5 queries=20 computations=11
CMIR_CACHE row=5 integer=2 queries=4 computations=4
CMIR_CACHE row=15 integer=6 queries=30 computations=13
CMIR_CACHE row=8 integer=6 queries=30 computations=14
CMIR_CACHE row=20 integer=8 queries=40 computations=14
CMIR_CACHE row=14 integer=7 queries=35 computations=14
CMIR_CACHE row=12 integer=6 queries=24 computations=10
CMIR_CACHE row=9 integer=6 queries=24 computations=11
CMIR_CACHE row=16 integer=6 queries=30 computations=13
CMIR_CACHE row=7 integer=6 queries=30 computations=12
CMIR_CACHE row=15 integer=6 queries=30 computations=14
CMIR_CACHE row=8 integer=6 queries=30 computations=14
CMIR_CACHE row=20 integer=10 queries=40 computations=15
CMIR_CACHE row=13 integer=10 queries=40 computations=16
CMIR_CACHE row=23 integer=11 queries=55 computations=17
CMIR_CACHE row=14 integer=11 queries=55 computations=19
CMIR_CACHE row=17 integer=7 queries=28 computations=13
CMIR_CACHE row=9 integer=7 queries=28 computations=13
CMIR_CACHE row=20 integer=8 queries=40 computations=12
CMIR_CACHE row=10 integer=8 queries=40 computations=16
CMIR_CACHE row=20 integer=8 queries=40 computations=12
CMIR_CACHE row=10 integer=8 queries=40 computations=16
CMIR_CACHE row=9 integer=5 queries=15 computations=9
CMIR_CACHE row=9 integer=9 queries=45 computations=14
CMIR_CACHE row=10 integer=9 queries=45 computations=16
CMIR_CACHE row=17 integer=7 queries=28 computations=13
CMIR_CACHE row=9 integer=7 queries=28 computations=13
CMIR_CACHE row=6 integer=5 queries=20 computations=10
CMIR_CACHE row=9 integer=5 queries=20 computations=10
CMIR_CACHE row=11 integer=5 queries=20 computations=11
CMIR_CACHE row=7 integer=5 queries=20 computations=11
CMIR_CACHE row=20 integer=10 queries=40 computations=16
CMIR_CACHE row=13 integer=10 queries=40 computations=16
CMIR_CACHE row=23 integer=11 queries=55 computations=18
CMIR_CACHE row=14 integer=11 queries=55 computations=19
CMIR_CACHE row=17 integer=7 queries=28 computations=13
CMIR_CACHE row=9 integer=7 queries=28 computations=13
CMIR_CACHE row=20 integer=8 queries=40 computations=13
CMIR_CACHE row=10 integer=8 queries=40 computations=16
CMIR_CACHE row=20 integer=8 queries=40 computations=13
CMIR_CACHE row=10 integer=8 queries=40 computations=16
CMIR_CACHE row=16 integer=6 queries=30 computations=12
CMIR_CACHE row=7 integer=6 queries=30 computations=13
CMIR_CACHE row=5 integer=2 queries=4 computations=4
CMIR_CACHE row=15 integer=6 queries=30 computations=13
CMIR_CACHE row=8 integer=6 queries=30 computations=14
CMIR_CACHE row=4 integer=3 queries=9 computations=6
CMIR_CACHE row=7 integer=5 queries=10 computations=6
CMIR_CACHE row=16 integer=6 queries=30 computations=13
CMIR_CACHE row=7 integer=6 queries=30 computations=12
CMIR_CACHE row=15 integer=6 queries=30 computations=14
CMIR_CACHE row=8 integer=6 queries=30 computations=14
CMIR_CACHE row=7 integer=5 queries=20 computations=10
CMIR_CACHE row=7 integer=5 queries=20 computations=10
CMIR_CACHE row=20 integer=8 queries=40 computations=13
CMIR_CACHE row=17 integer=7 queries=28 computations=12
CMIR_CACHE row=9 integer=7 queries=28 computations=13
CMIR_CACHE row=20 integer=8 queries=40 computations=13
CMIR_CACHE row=11 integer=8 queries=40 computations=16
CMIR_CACHE row=6 integer=5 queries=20 computations=10
CMIR_CACHE row=8 integer=5 queries=20 computations=11
CMIR_CACHE row=4 integer=2 queries=2 computations=2
CMIR_CACHE row=6 integer=3 queries=6 computations=4
CMIR_CACHE row=3 integer=2 queries=2 computations=2
CMIR_CACHE row=13 integer=3 queries=6 computations=5
CMIR_CACHE row=4 integer=3 queries=6 computations=5
CMIR_CACHE row=13 integer=3 queries=6 computations=5
CMIR_CACHE row=4 integer=3 queries=6 computations=5
CMIR_CACHE row=20 integer=8 queries=40 computations=15
CMIR_CACHE row=4 integer=3 queries=9 computations=7
CMIR_CACHE row=13 integer=11 queries=33 computations=14
CMIR_CACHE row=17 integer=7 queries=14 computations=9
CMIR_CACHE row=6 integer=4 queries=8 computations=6
CMIR_CACHE row=4 integer=2 queries=2 computations=2
CMIR_CACHE row=3 integer=2 queries=2 computations=2
CMIR_CACHE row=4 integer=2 queries=2 computations=2
CMIR_CACHE row=12 integer=6 queries=30 computations=14
CMIR_CACHE row=8 integer=6 queries=30 computations=14
CMIR_CACHE row=12 integer=9 queries=27 computations=12
CMIR_CACHE row=12 integer=9 queries=27 computations=13
CMIR_CACHE row=7 integer=5 queries=10 computations=7
CMIR_CACHE row=5 integer=2 queries=2 computations=2
CMIR_CACHE row=5 integer=2 queries=2 computations=2
CMIR_CACHE row=7 integer=4 queries=12 computations=8
CMIR_CACHE row=12 integer=6 queries=24 computations=10
CMIR_CACHE row=9 integer=6 queries=24 computations=11
CMIR_CACHE row=13 integer=6 queries=24 computations=12
CMIR_CACHE row=8 integer=6 queries=24 computations=10
CMIR_CACHE row=5 integer=5 queries=15 computations=8
CMIR_CACHE row=7 integer=5 queries=20 computations=10
CMIR_CACHE row=7 integer=5 queries=20 computations=11
CMIR_CACHE row=8 integer=5 queries=20 computations=11
CMIR_CACHE row=6 integer=5 queries=20 computations=11
CMIR_CACHE row=7 integer=5 queries=20 computations=11
CMIR_CACHE row=6 integer=5 queries=20 computations=10
CMIR_CACHE row=9 integer=5 queries=20 computations=10
CMIR_CACHE row=6 integer=5 queries=20 computations=11
CMIR_CACHE row=6 integer=5 queries=20 computations=11
CMIR_CACHE row=9 integer=5 queries=20 computations=10
CMIR_CACHE row=29 integer=13 queries=26 computations=15
CMIR_CACHE row=7 integer=4 queries=12 computations=7
CMIR_CACHE row=7 integer=4 queries=12 computations=7
CMIR_CACHE row=7 integer=5 queries=15 computations=8
CMIR_CACHE row=8 integer=4 queries=16 computations=10
CMIR_CACHE row=8 integer=4 queries=16 computations=10
CMIR_CACHE row=8 integer=5 queries=20 computations=11
CMIR_CACHE row=8 integer=2 queries=4 computations=4
CMIR_CACHE row=4 integer=2 queries=4 computations=4
CMIR_CACHE row=8 integer=4 queries=12 computations=8
CMIR_CACHE row=8 integer=2 queries=4 computations=4
CMIR_CACHE row=4 integer=2 queries=4 computations=4
CMIR_CACHE row=7 integer=4 queries=8 computations=6
CMIR_CACHE row=6 integer=3 queries=6 computations=5
CMIR_CACHE row=6 integer=3 queries=6 computations=5
CMIR_CACHE row=7 integer=5 queries=15 computations=8
CMIR_CACHE row=6 integer=5 queries=15 computations=9
CMIR_CACHE row=5 integer=3 queries=9 computations=7
CMIR_CACHE row=5 integer=3 queries=9 computations=7
CMIR_CACHE row=8 integer=5 queries=20 computations=11
CMIR_CACHE row=7 integer=5 queries=20 computations=10
CMIR_CACHE row=7 integer=4 queries=8 computations=6
CMIR_CACHE row=4 integer=4 queries=4 computations=4
CMIR_CACHE row=5 integer=5 queries=5 computations=5
CMIR_CACHE row=7 integer=4 queries=8 computations=6
CMIR_CACHE row=8 integer=4 queries=16 computations=9
CMIR_CACHE row=5 integer=3 queries=9 computations=7
CMIR_CACHE row=7 integer=2 queries=4 computations=4
CMIR_CACHE row=7 integer=2 queries=4 computations=4
CMIR_CACHE row=5 integer=3 queries=9 computations=7
CMIR_CACHE row=7 integer=4 queries=16 computations=10
CMIR_CACHE row=8 integer=2 queries=4 computations=4
CMIR_CACHE row=4 integer=2 queries=4 computations=4
CMIR_CACHE row=8 integer=2 queries=4 computations=4
CMIR_CACHE row=4 integer=2 queries=4 computations=4
CMIR_CACHE row=7 integer=4 queries=8 computations=6
CMIR_CACHE row=6 integer=3 queries=6 computations=5
CMIR_CACHE row=6 integer=3 queries=6 computations=5
CMIR_CACHE row=7 integer=4 queries=8 computations=6
CMIR_CACHE row=10 integer=4 queries=8 computations=6
CMIR_CACHE row=14 integer=4 queries=16 computations=8
CMIR_CACHE row=6 integer=5 queries=20 computations=11
CMIR_CACHE row=15 integer=5 queries=15 computations=8
CMIR_CACHE row=18 integer=6 queries=30 computations=10
CMIR_CACHE row=8 integer=6 queries=30 computations=14
CMIR_CACHE row=14 integer=4 queries=16 computations=8
CMIR_CACHE row=6 integer=5 queries=20 computations=11
CMIR_CACHE row=18 integer=6 queries=30 computations=10
CMIR_CACHE row=8 integer=6 queries=30 computations=14
CMIR_CACHE row=18 integer=6 queries=30 computations=10
CMIR_CACHE row=8 integer=6 queries=30 computations=14
CMIR_CACHE row=9 integer=4 queries=12 computations=8
CMIR_CACHE row=5 integer=4 queries=12 computations=7
CMIR_CACHE row=11 integer=6 queries=12 computations=8
CMIR_CACHE row=7 integer=3 queries=6 computations=5
CMIR_CACHE row=9 integer=4 queries=16 computations=10
CMIR_CACHE row=8 integer=5 queries=20 computations=11
CMIR_CACHE row=15 integer=5 queries=15 computations=8
CMIR_CACHE row=16 integer=5 queries=15 computations=8
CMIR_CACHE row=5 integer=5 queries=15 computations=9
CMIR_CACHE row=18 integer=6 queries=30 computations=10
CMIR_CACHE row=8 integer=6 queries=30 computations=14
CMIR_CACHE row=18 integer=6 queries=30 computations=10
CMIR_CACHE row=8 integer=6 queries=30 computations=14
CMIR_CACHE row=5 integer=5 queries=5 computations=5
CMIR_CACHE row=5 integer=3 queries=6 computations=5
CMIR_CACHE row=7 integer=3 queries=6 computations=4
CMIR_CACHE row=15 integer=5 queries=15 computations=8
CMIR_CACHE row=16 integer=5 queries=15 computations=9
CMIR_CACHE row=5 integer=5 queries=15 computations=9
CMIR_CACHE row=10 integer=4 queries=16 computations=9
CMIR_CACHE row=14 integer=4 queries=16 computations=8
CMIR_CACHE row=6 integer=5 queries=20 computations=11
CMIR_CACHE row=9 integer=4 queries=12 computations=8
CMIR_CACHE row=5 integer=4 queries=12 computations=7
CMIR_CACHE row=10 integer=4 queries=8 computations=6
CMIR_CACHE row=6 integer=4 queries=8 computations=6
CMIR_CACHE row=11 integer=6 queries=12 computations=8
CMIR_CACHE row=9 integer=4 queries=16 computations=10
CMIR_CACHE row=8 integer=5 queries=20 computations=11
CMIR_CACHE row=18 integer=6 queries=30 computations=11
CMIR_CACHE row=9 integer=6 queries=30 computations=14
CMIR_CACHE row=10 integer=4 queries=12 computations=8
CMIR_CACHE row=5 integer=4 queries=12 computations=8
CMIR_CACHE row=4 integer=3 queries=6 computations=5
CMIR_CACHE row=4 integer=3 queries=6 computations=5
CMIR_CACHE row=18 integer=6 queries=30 computations=13
CMIR_CACHE row=9 integer=6 queries=30 computations=14
CMIR_CACHE row=9 integer=4 queries=16 computations=9
CMIR_CACHE row=8 integer=5 queries=20 computations=10
CMIR_CACHE row=3 integer=3 queries=6 computations=5
CMIR_CACHE row=7 integer=5 queries=10 computations=7
CMIR_CACHE row=5 integer=3 queries=6 computations=4
CMIR_CACHE row=11 integer=6 queries=12 computations=8
CMIR_CACHE row=12 integer=4 queries=12 computations=7
CMIR_CACHE row=6 integer=5 queries=15 computations=9
CMIR_CACHE row=15 integer=5 queries=15 computations=9
CMIR_CACHE row=7 integer=5 queries=15 computations=8
CMIR_CACHE row=18 integer=6 queries=30 computations=10
CMIR_CACHE row=8 integer=6 queries=30 computations=14
CMIR_CACHE row=18 integer=6 queries=30 computations=11
CMIR_CACHE row=8 integer=6 queries=30 computations=14
CMIR_CACHE row=12 integer=4 queries=12 computations=6
CMIR_CACHE row=6 integer=5 queries=15 computations=9
CMIR_CACHE row=18 integer=6 queries=30 computations=10
CMIR_CACHE row=8 integer=6 queries=30 computations=13
CMIR_CACHE row=18 integer=6 queries=30 computations=10
CMIR_CACHE row=8 integer=6 queries=30 computations=13
CMIR_CACHE row=8 integer=4 queries=12 computations=8
CMIR_CACHE row=5 integer=3 queries=9 computations=7
CMIR_CACHE row=12 integer=4 queries=12 computations=7
CMIR_CACHE row=6 integer=5 queries=15 computations=9
CMIR_CACHE row=15 integer=5 queries=15 computations=9
CMIR_CACHE row=7 integer=5 queries=15 computations=8
CMIR_CACHE row=18 integer=6 queries=30 computations=10
CMIR_CACHE row=8 integer=6 queries=30 computations=14
CMIR_CACHE row=18 integer=6 queries=30 computations=10
CMIR_CACHE row=8 integer=6 queries=30 computations=14
CMIR_CACHE row=5 integer=3 queries=6 computations=5
CMIR_CACHE row=6 integer=5 queries=15 computations=8
CMIR_CACHE row=10 integer=4 queries=12 computations=7
CMIR_CACHE row=7 integer=4 queries=12 computations=8
CMIR_CACHE row=15 integer=5 queries=20 computations=11
CMIR_CACHE row=7 integer=5 queries=20 computations=11
CMIR_CACHE row=12 integer=4 queries=12 computations=6
CMIR_CACHE row=6 integer=5 queries=15 computations=9
CMIR_CACHE row=4 integer=2 queries=4 computations=4
CMIR_CACHE row=12 integer=4 queries=12 computations=7
CMIR_CACHE row=6 integer=5 queries=15 computations=8
CMIR_CACHE row=18 integer=6 queries=30 computations=12
CMIR_CACHE row=9 integer=6 queries=30 computations=14
CMIR_CACHE row=18 integer=6 queries=30 computations=11
CMIR_CACHE row=9 integer=6 queries=30 computations=14
CMIR_CACHE row=4 integer=3 queries=6 computations=5
CMIR_CACHE row=13 integer=3 queries=9 computations=6
CMIR_CACHE row=4 integer=3 queries=6 computations=5
CMIR_CACHE row=4 integer=3 queries=6 computations=5
CMIR_CACHE row=18 integer=6 queries=30 computations=13
CMIR_CACHE row=9 integer=6 queries=30 computations=14
CMIR_CACHE row=4 integer=2 queries=4 computations=4
CMIR_CACHE row=7 integer=5 queries=10 computations=7
CMIR_CACHE row=12 integer=5 queries=20 computations=10
CMIR_CACHE row=9 integer=4 queries=16 computations=10
CMIR_CACHE row=15 integer=5 queries=20 computations=11
CMIR_CACHE row=7 integer=5 queries=20 computations=11
CMIR_CACHE row=8 integer=6 queries=24 computations=12
CMIR_CACHE row=16 integer=6 queries=30 computations=11
CMIR_CACHE row=7 integer=6 queries=30 computations=14
CMIR_CACHE row=10 integer=6 queries=30 computations=14
CMIR_CACHE row=13 integer=5 queries=15 computations=9
CMIR_CACHE row=18 integer=6 queries=30 computations=13
CMIR_CACHE row=8 integer=6 queries=30 computations=14
CMIR_CACHE row=8 integer=6 queries=24 computations=12
CMIR_CACHE row=8 integer=6 queries=24 computations=12
CMIR_CACHE row=8 integer=4 queries=12 computations=8
CMIR_CACHE row=5 integer=3 queries=9 computations=7
CMIR_CACHE row=10 integer=4 queries=12 computations=8
CMIR_CACHE row=10 integer=5 queries=15 computations=9
CMIR_CACHE row=9 integer=4 queries=16 computations=9
CMIR_CACHE row=5 integer=4 queries=12 computations=8
CMIR_CACHE row=15 integer=5 queries=20 computations=11
CMIR_CACHE row=7 integer=5 queries=20 computations=11
CMIR_CACHE row=18 integer=6 queries=30 computations=13
CMIR_CACHE row=8 integer=6 queries=30 computations=14
CMIR_CACHE row=8 integer=6 queries=24 computations=12
CMIR_CACHE row=8 integer=6 queries=24 computations=12
CMIR_CACHE row=4 integer=3 queries=6 computations=5
CMIR_CACHE row=7 integer=3 queries=9 computations=6
CMIR_CACHE row=7 integer=3 queries=9 computations=7
CMIR_CACHE row=10 integer=6 queries=30 computations=13
CMIR_CACHE row=5 integer=4 queries=12 computations=8
CMIR_CACHE row=10 integer=4 queries=16 computations=9
CMIR_CACHE row=7 integer=4 queries=16 computations=10
CMIR_CACHE row=15 integer=5 queries=20 computations=11
CMIR_CACHE row=7 integer=5 queries=20 computations=11
CMIR_CACHE row=18 integer=6 queries=30 computations=13
CMIR_CACHE row=8 integer=6 queries=30 computations=14
CMIR_CACHE row=10 integer=4 queries=12 computations=7
CMIR_CACHE row=7 integer=4 queries=12 computations=8
CMIR_CACHE row=15 integer=5 queries=15 computations=8
CMIR_CACHE row=7 integer=5 queries=15 computations=9
CMIR_CACHE row=8 integer=6 queries=24 computations=12
CMIR_CACHE row=8 integer=6 queries=24 computations=12
CMIR_CACHE row=16 integer=6 queries=30 computations=11
CMIR_CACHE row=7 integer=6 queries=30 computations=14
CMIR_CACHE row=13 integer=5 queries=15 computations=9
CMIR_CACHE row=4 integer=2 queries=4 computations=4
CMIR_CACHE row=6 integer=4 queries=12 computations=8
CMIR_CACHE row=10 integer=4 queries=12 computations=8
CMIR_CACHE row=16 integer=6 queries=30 computations=11
CMIR_CACHE row=7 integer=6 queries=30 computations=13
CMIR_CACHE row=5 integer=4 queries=12 computations=8
CMIR_CACHE row=18 integer=6 queries=24 computations=10
CMIR_CACHE row=9 integer=6 queries=24 computations=12
CMIR_CACHE row=9 integer=6 queries=24 computations=12
CMIR_CACHE row=13 integer=3 queries=6 computations=4
CMIR_CACHE row=4 integer=3 queries=6 computations=5
CMIR_CACHE row=18 integer=6 queries=24 computations=11
CMIR_CACHE row=9 integer=6 queries=24 computations=12
CMIR_CACHE row=5 integer=4 queries=12 computations=8
CMIR_CACHE row=4 integer=2 queries=2 computations=2
CMIR_CACHE row=4 integer=2 queries=4 computations=4
CMIR_CACHE row=10 integer=7 queries=42 computations=14
CMIR_CACHE row=10 integer=5 queries=15 computations=9
CMIR_CACHE row=5 integer=5 queries=15 computations=9
CMIR_CACHE row=7 integer=5 queries=20 computations=11
CMIR_CACHE row=8 integer=5 queries=20 computations=10
CMIR_CACHE row=8 integer=5 queries=20 computations=10
CMIR_CACHE row=10 integer=5 queries=10 computations=7
CMIR_CACHE row=10 integer=5 queries=15 computations=9
CMIR_CACHE row=16 integer=6 queries=24 computations=11
CMIR_CACHE row=7 integer=6 queries=24 computations=11
CMIR_CACHE row=9 integer=4 queries=16 computations=10
CMIR_CACHE row=8 integer=3 queries=9 computations=7
CMIR_CACHE row=6 integer=3 queries=9 computations=7
CMIR_CACHE row=18 integer=6 queries=30 computations=13
CMIR_CACHE row=8 integer=6 queries=24 computations=12
CMIR_CACHE row=8 integer=6 queries=24 computations=12
CMIR_CACHE row=16 integer=6 queries=24 computations=11
CMIR_CACHE row=7 integer=6 queries=24 computations=12
CMIR_CACHE row=10 integer=6 queries=30 computations=14
CMIR_CACHE row=8 integer=3 queries=9 computations=7
CMIR_CACHE row=6 integer=3 queries=9 computations=7
CMIR_CACHE row=14 integer=5 queries=25 computations=12
CMIR_CACHE row=7 integer=5 queries=25 computations=13
CMIR_CACHE row=8 integer=6 queries=24 computations=12
CMIR_CACHE row=8 integer=6 queries=24 computations=12
CMIR_CACHE row=8 integer=4 queries=12 computations=8
CMIR_CACHE row=5 integer=3 queries=9 computations=7
CMIR_CACHE row=16 integer=6 queries=24 computations=12
CMIR_CACHE row=7 integer=6 queries=24 computations=11
CMIR_CACHE row=10 integer=6 queries=30 computations=13
CMIR_CACHE row=9 integer=6 queries=30 computations=11
CMIR_CACHE row=11 integer=5 queries=25 computations=12
CMIR_CACHE row=7 integer=5 queries=25 computations=13
CMIR_CACHE row=18 integer=6 queries=30 computations=13
CMIR_CACHE row=8 integer=6 queries=24 computations=12
CMIR_CACHE row=8 integer=6 queries=24 computations=12
CMIR_CACHE row=18 integer=6 queries=30 computations=13
CMIR_CACHE row=8 integer=6 queries=30 computations=13
CMIR_CACHE row=7 integer=3 queries=9 computations=6
CMIR_CACHE row=7 integer=3 queries=9 computations=7
CMIR_CACHE row=10 integer=6 queries=30 computations=13
CMIR_CACHE row=9 integer=3 queries=9 computations=7
CMIR_CACHE row=15 integer=5 queries=20 computations=11
CMIR_CACHE row=10 integer=4 queries=12 computations=7
CMIR_CACHE row=7 integer=4 queries=12 computations=8
CMIR_CACHE row=15 integer=5 queries=15 computations=8
CMIR_CACHE row=7 integer=5 queries=15 computations=9
CMIR_CACHE row=8 integer=6 queries=24 computations=12
CMIR_CACHE row=8 integer=6 queries=24 computations=12
CMIR_CACHE row=16 integer=6 queries=24 computations=11
CMIR_CACHE row=7 integer=6 queries=24 computations=12
CMIR_CACHE row=8 integer=3 queries=9 computations=7
CMIR_CACHE row=6 integer=3 queries=9 computations=7
CMIR_CACHE row=14 integer=5 queries=25 computations=12
CMIR_CACHE row=7 integer=5 queries=25 computations=13
CMIR_CACHE row=8 integer=4 queries=12 computations=8
CMIR_CACHE row=5 integer=3 queries=9 computations=7
CMIR_CACHE row=5 integer=5 queries=20 computations=11
CMIR_CACHE row=9 integer=4 queries=8 computations=6
CMIR_CACHE row=14 integer=5 queries=25 computations=12
CMIR_CACHE row=7 integer=5 queries=25 computations=12
CMIR_CACHE row=9 integer=6 queries=24 computations=12
CMIR_CACHE row=13 integer=3 queries=6 computations=4
CMIR_CACHE row=4 integer=3 queries=6 computations=5
CMIR_CACHE row=18 integer=6 queries=24 computations=10
CMIR_CACHE row=9 integer=6 queries=24 computations=12
CMIR_CACHE row=3 integer=2 queries=2 computations=2
CMIR_CACHE row=4 integer=2 queries=2 computations=2
CMIR_CACHE row=4 integer=2 queries=2 computations=2
CMIR_CACHE row=9 integer=4 queries=16 computations=9
CMIR_CACHE row=4 integer=2 queries=4 computations=4
CMIR_CACHE row=9 integer=6 queries=30 computations=12
CMIR_CACHE row=10 integer=5 queries=20 computations=11
CMIR_CACHE row=6 integer=5 queries=20 computations=10
CMIR_CACHE row=4 integer=2 queries=2 computations=2
CMIR_CACHE row=4 integer=2 queries=2 computations=2
CMIR_CACHE row=6 integer=5 queries=15 computations=9
CMIR_CACHE row=7 integer=6 queries=24 computations=10
CMIR_CACHE row=4 integer=1 queries=0 computations=0
CMIR_CACHE row=6 integer=2 queries=4 computations=4
CMIR_CACHE row=4 integer=2 queries=4 computations=4
CMIR_CACHE row=6 integer=2 queries=4 computations=4
CMIR_CACHE row=12 integer=4 queries=12 computations=8
CMIR_CACHE row=5 integer=4 queries=12 computations=7
CMIR_CACHE row=4 integer=2 queries=4 computations=4
CMIR_CACHE row=6 integer=5 queries=15 computations=9
CMIR_CACHE row=4 integer=2 queries=4 computations=4
CMIR_CACHE row=12 integer=4 queries=12 computations=8
CMIR_CACHE row=5 integer=4 queries=12 computations=8
CMIR_CACHE row=10 integer=4 queries=8 computations=6
CMIR_CACHE row=6 integer=4 queries=8 computations=6
CMIR_CACHE row=6 integer=3 queries=6 computations=5
CMIR_CACHE row=4 integer=1 queries=0 computations=0
CMIR_CACHE row=4 integer=4 queries=4 computations=4
CMIR_CACHE row=6 integer=2 queries=4 computations=4
CMIR_CACHE row=12 integer=4 queries=12 computations=8
CMIR_CACHE row=5 integer=4 queries=12 computations=7
CMIR_CACHE row=4 integer=2 queries=4 computations=4
CMIR_CACHE row=6 integer=5 queries=15 computations=9
CMIR_CACHE row=12 integer=4 queries=12 computations=8
CMIR_CACHE row=5 integer=4 queries=12 computations=7
CMIR_CACHE row=10 integer=4 queries=8 computations=6
CMIR_CACHE row=6 integer=4 queries=8 computations=6
CMIR_CACHE row=12 integer=5 queries=15 computations=9
CMIR_CACHE row=7 integer=5 queries=15 computations=9
CMIR_CACHE row=6 integer=3 queries=6 computations=5
CMIR_CACHE row=9 integer=7 queries=28 computations=10
CMIR_CACHE row=4 integer=1 queries=0 computations=0
CMIR_CACHE row=4 integer=2 queries=4 computations=4
CMIR_CACHE row=4 integer=2 queries=4 computations=4
CMIR_CACHE row=6 integer=3 queries=9 computations=7
CMIR_CACHE row=8 integer=3 queries=6 computations=5
CMIR_CACHE row=4 integer=2 queries=4 computations=4
CMIR_CACHE row=4 integer=1 queries=0 computations=0
CMIR_CACHE row=4 integer=2 queries=4 computations=4
CMIR_CACHE row=5 integer=3 queries=6 computations=5
CMIR_CACHE row=5 integer=3 queries=6 computations=5
CMIR_CACHE row=9 integer=7 queries=28 computations=13
CMIR_CACHE row=4 integer=1 queries=0 computations=0
CMIR_CACHE row=6 integer=2 queries=4 computations=4
CMIR_CACHE row=8 integer=3 queries=9 computations=6
CMIR_CACHE row=4 integer=1 queries=0 computations=0
CMIR_CACHE row=3 integer=2 queries=4 computations=4
CMIR_CACHE row=6 integer=2 queries=4 computations=4
CMIR_CACHE row=7 integer=3 queries=6 computations=4
CMIR_CACHE row=11 integer=4 queries=12 computations=8
CMIR_CACHE row=5 integer=4 queries=12 computations=8
CMIR_CACHE row=8 integer=3 queries=9 computations=7
CMIR_CACHE row=8 integer=3 queries=6 computations=4
CMIR_CACHE row=4 integer=1 queries=0 computations=0
CMIR_CACHE row=8 integer=3 queries=9 computations=6
CMIR_CACHE row=4 integer=1 queries=0 computations=0
CMIR_CACHE row=8 integer=3 queries=9 computations=7
CMIR_CACHE row=7 integer=3 queries=6 computations=5
CMIR_CACHE row=5 integer=5 queries=15 computations=9
CMIR_CACHE row=8 integer=3 queries=9 computations=7
CMIR_CACHE row=8 integer=3 queries=6 computations=4
CMIR_CACHE row=8 integer=3 queries=6 computations=4
CMIR_CACHE row=5 integer=5 queries=15 computations=8
CMIR_CACHE row=4 integer=1 queries=0 computations=0
CMIR_CACHE row=8 integer=3 queries=9 computations=6
CMIR_CACHE row=4 integer=1 queries=0 computations=0
CMIR_CACHE row=7 integer=3 queries=6 computations=4
CMIR_CACHE row=4 integer=2 queries=4 computations=4
CMIR_CACHE row=8 integer=3 queries=9 computations=7
CMIR_CACHE row=4 integer=2 queries=4 computations=4
CMIR_CACHE row=6 integer=3 queries=9 computations=7
CMIR_CACHE row=8 integer=3 queries=6 computations=4
CMIR_CACHE row=5 integer=3 queries=9 computations=7
CMIR_CACHE row=4 integer=2 queries=2 computations=2
CMIR_CACHE row=4 integer=2 queries=2 computations=2
CMIR_CACHE row=17 integer=17 queries=221 computations=39
CMIR_CACHE row=17 integer=17 queries=204 computations=35
CMIR_CACHE row=12 integer=12 queries=96 computations=26
CMIR_CACHE row=12 integer=12 queries=96 computations=21
CMIR_CACHE row=12 integer=12 queries=60 computations=19
CMIR_CACHE row=12 integer=12 queries=120 computations=29
CMIR_CACHE row=11 integer=11 queries=99 computations=24
CMIR_CACHE row=13 integer=13 queries=143 computations=31
CMIR_CACHE row=8 integer=8 queries=56 computations=20
CMIR_CACHE row=11 integer=11 queries=33 computations=14
CMIR_CACHE row=10 integer=10 queries=70 computations=21
CMIR_CACHE row=13 integer=13 queries=78 computations=20
CMIR_CACHE row=13 integer=13 queries=143 computations=29
CMIR_CACHE row=13 integer=13 queries=143 computations=29
CMIR_CACHE row=12 integer=12 queries=120 computations=30
CMIR_CACHE row=12 integer=12 queries=120 computations=27
CMIR_CACHE row=12 integer=12 queries=120 computations=29
CMIR_CACHE row=7 integer=7 queries=42 computations=15
CMIR_CACHE row=10 integer=10 queries=40 computations=15
CMIR_CACHE row=11 integer=11 queries=77 computations=23
CMIR_CACHE row=10 integer=10 queries=30 computations=14
CMIR_CACHE row=10 integer=10 queries=70 computations=22
CMIR_CACHE row=10 integer=10 queries=70 computations=22
CMIR_CACHE row=10 integer=5 queries=20 computations=9
CMIR_CACHE row=6 integer=5 queries=20 computations=11
CMIR_CACHE row=8 integer=3 queries=9 computations=6
CMIR_CACHE row=6 integer=3 queries=9 computations=7
CMIR_CACHE row=10 integer=5 queries=20 computations=9
CMIR_CACHE row=6 integer=5 queries=20 computations=10
CMIR_CACHE row=3 integer=2 queries=2 computations=2
CMIR_CACHE row=7 integer=4 queries=16 computations=10
CMIR_CACHE row=10 integer=5 queries=25 computations=12
CMIR_CACHE row=8 integer=5 queries=25 computations=12
CMIR_CACHE row=4 integer=2 queries=2 computations=2
CMIR_CACHE row=3 integer=2 queries=2 computations=2
CMIR_CACHE row=4 integer=2 queries=2 computations=2
CMIR_CACHE row=5 integer=4 queries=12 computations=8
CMIR_CACHE row=12 integer=12 queries=60 computations=19
CMIR_CACHE row=14 integer=14 queries=84 computations=24
CMIR_CACHE row=13 integer=13 queries=91 computations=25
CMIR_CACHE row=15 integer=15 queries=120 computations=28
CMIR_CACHE row=13 integer=13 queries=65 computations=20
CMIR_CACHE row=8 integer=5 queries=25 computations=13
CMIR_CACHE row=8 integer=5 queries=25 computations=13
CMIR_CACHE row=13 integer=5 queries=25 computations=13
CMIR_CACHE row=7 integer=4 queries=16 computations=10
CMIR_CACHE row=8 integer=4 queries=8 computations=6
CMIR_CACHE row=7 integer=4 queries=16 computations=10
CMIR_CACHE row=9 integer=4 queries=12 computations=8
CMIR_CACHE row=9 integer=4 queries=12 computations=8
CMIR_CACHE row=7 integer=4 queries=16 computations=10
CMIR_CACHE row=7 integer=4 queries=16 computations=9
CMIR_CACHE row=8 integer=4 queries=8 computations=6
CMIR_CACHE row=9 integer=5 queries=5 computations=5
CMIR_CACHE row=4 integer=2 queries=4 computations=4
CMIR_CACHE row=6 integer=4 queries=16 computations=10
CMIR_CACHE row=9 integer=4 queries=16 computations=10
CMIR_CACHE row=7 integer=4 queries=16 computations=10
CMIR_CACHE row=8 integer=5 queries=25 computations=12
CMIR_CACHE row=4 integer=2 queries=4 computations=4
CMIR_CACHE row=7 integer=5 queries=25 computations=13
CMIR_CACHE row=7 integer=5 queries=25 computations=13
CMIR_CACHE row=14 integer=5 queries=25 computations=13
CMIR_CACHE row=8 integer=5 queries=25 computations=12
CMIR_CACHE row=9 integer=9 queries=72 computations=22
CMIR_CACHE row=13 integer=13 queries=104 computations=26
CMIR_CACHE row=6 integer=6 queries=18 computations=10
CMIR_CACHE row=12 integer=12 queries=72 computations=22
CMIR_CACHE row=9 integer=9 queries=54 computations=19
CMIR_CACHE row=16 integer=6 queries=30 computations=12
CMIR_CACHE row=7 integer=6 queries=30 computations=13
CMIR_CACHE row=13 integer=6 queries=24 computations=12
CMIR_CACHE row=8 integer=6 queries=24 computations=11
CMIR_CACHE row=17 integer=7 queries=28 computations=13
CMIR_CACHE row=10 integer=7 queries=28 computations=13
CMIR_CACHE row=16 integer=6 queries=24 computations=12
CMIR_CACHE row=8 integer=6 queries=24 computations=12
CMIR_CACHE row=11 integer=4 queries=8 computations=6
CMIR_CACHE row=4 integer=4 queries=8 computations=5
CMIR_CACHE row=16 integer=8 queries=40 computations=14
CMIR_CACHE row=9 integer=8 queries=40 computations=15
CMIR_CACHE row=16 integer=6 queries=30 computations=11
CMIR_CACHE row=7 integer=6 queries=30 computations=14
CMIR_CACHE row=13 integer=6 queries=24 computations=12
CMIR_CACHE row=8 integer=6 queries=24 computations=12
CMIR_CACHE row=12 integer=8 queries=32 computations=14
CMIR_CACHE row=20 integer=8 queries=40 computations=15
CMIR_CACHE row=11 integer=8 queries=40 computations=16
CMIR_CACHE row=19 integer=7 queries=35 computations=13
CMIR_CACHE row=11 integer=4 queries=8 computations=6
CMIR_CACHE row=4 integer=4 queries=8 computations=5
CMIR_CACHE row=11 integer=5 queries=15 computations=9
CMIR_CACHE row=6 integer=5 queries=15 computations=9
CMIR_CACHE row=13 integer=6 queries=24 computations=12
CMIR_CACHE row=6 integer=6 queries=24 computations=11
CMIR_CACHE row=16 integer=6 queries=30 computations=13
CMIR_CACHE row=7 integer=6 queries=30 computations=12
CMIR_CACHE row=10 integer=5 queries=15 computations=9
CMIR_CACHE row=6 integer=5 queries=15 computations=9
CMIR_CACHE row=11 integer=6 queries=30 computations=14
CMIR_CACHE row=9 integer=6 queries=30 computations=14
CMIR_CACHE row=17 integer=7 queries=28 computations=13
CMIR_CACHE row=10 integer=7 queries=28 computations=13
CMIR_CACHE row=20 integer=8 queries=40 computations=14
CMIR_CACHE row=11 integer=8 queries=24 computations=12
CMIR_CACHE row=16 integer=6 queries=24 computations=12
CMIR_CACHE row=8 integer=6 queries=24 computations=12
CMIR_CACHE row=19 integer=7 queries=35 computations=11
CMIR_CACHE row=9 integer=7 queries=35 computations=15
CMIR_CACHE row=11 integer=4 queries=8 computations=6
CMIR_CACHE row=4 integer=4 queries=8 computations=5
CMIR_CACHE row=8 integer=8 queries=40 computations=14
CMIR_CACHE row=9 integer=8 queries=40 computations=16
CMIR_CACHE row=16 integer=6 queries=24 computations=12
CMIR_CACHE row=8 integer=6 queries=24 computations=12
CMIR_CACHE row=10 integer=5 queries=15 computations=9
CMIR_CACHE row=6 integer=5 queries=15 computations=9
CMIR_CACHE row=6 integer=5 queries=20 computations=10
CMIR_CACHE row=7 integer=5 queries=20 computations=11
CMIR_CACHE row=7 integer=4 queries=12 computations=8
CMIR_CACHE row=9 integer=6 queries=24 computations=12
CMIR_CACHE row=16 integer=6 queries=30 computations=11
CMIR_CACHE row=7 integer=6 queries=30 computations=14
CMIR_CACHE row=8 integer=3 queries=9 computations=6
CMIR_CACHE row=11 integer=4 queries=8 computations=6
CMIR_CACHE row=4 integer=4 queries=8 computations=5
CMIR_CACHE row=11 integer=5 queries=15 computations=9
CMIR_CACHE row=6 integer=5 queries=15 computations=9
CMIR_CACHE row=13 integer=6 queries=24 computations=12
CMIR_CACHE row=6 integer=6 queries=24 computations=11
CMIR_CACHE row=6 integer=4 queries=4 computations=4
CMIR_CACHE row=4 integer=4 queries=4 computations=4
CMIR_CACHE row=16 integer=6 queries=30 computations=13
CMIR_CACHE row=7 integer=6 queries=30 computations=12
CMIR_CACHE row=11 integer=6 queries=24 computations=12
CMIR_CACHE row=7 integer=6 queries=24 computations=11
CMIR_CACHE row=11 integer=6 queries=30 computations=14
CMIR_CACHE row=9 integer=6 queries=30 computations=13
CMIR_CACHE row=9 integer=5 queries=15 computations=9
CMIR_CACHE row=6 integer=4 queries=12 computations=8
CMIR_CACHE row=19 integer=7 queries=35 computations=12
CMIR_CACHE row=16 integer=6 queries=24 computations=11
CMIR_CACHE row=8 integer=6 queries=24 computations=12
CMIR_CACHE row=19 integer=7 queries=35 computations=12
CMIR_CACHE row=10 integer=7 queries=35 computations=15
CMIR_CACHE row=10 integer=5 queries=15 computations=9
CMIR_CACHE row=6 integer=5 queries=15 computations=8
CMIR_CACHE row=9 integer=5 queries=15 computations=9
CMIR_CACHE row=13 integer=6 queries=24 computations=12
CMIR_CACHE row=6 integer=6 queries=24 computations=12
CMIR_CACHE row=3 integer=2 queries=2 computations=2
CMIR_CACHE row=4 integer=2 queries=2 computations=2
CMIR_CACHE row=4 integer=2 queries=2 computations=2
CMIR_CACHE row=13 integer=3 queries=6 computations=5
CMIR_CACHE row=4 integer=3 queries=6 computations=5
CMIR_CACHE row=19 integer=7 queries=35 computations=14
CMIR_CACHE row=3 integer=3 queries=6 computations=5
CMIR_CACHE row=14 integer=4 queries=8 computations=6
CMIR_CACHE row=11 integer=4 queries=8 computations=6
CMIR_CACHE row=8 integer=5 queries=15 computations=9
CMIR_CACHE row=11 integer=6 queries=24 computations=12
CMIR_CACHE row=7 integer=6 queries=24 computations=11
CMIR_CACHE row=4 integer=2 queries=2 computations=2
CMIR_CACHE row=4 integer=2 queries=2 computations=2
CMIR_CACHE row=11 integer=5 queries=25 computations=13
CMIR_CACHE row=7 integer=5 queries=25 computations=13
CMIR_CACHE row=7 integer=5 queries=20 computations=11
CMIR_CACHE row=5 integer=3 queries=9 computations=7
CMIR_CACHE row=5 integer=3 queries=9 computations=7
CMIR_CACHE row=5 integer=5 queries=15 computations=8
CMIR_CACHE row=7 integer=5 queries=20 computations=10
CMIR_CACHE row=6 integer=5 queries=20 computations=10
CMIR_CACHE row=7 integer=5 queries=20 computations=11
CMIR_CACHE row=6 integer=5 queries=20 computations=10
CMIR_CACHE row=9 integer=5 queries=20 computations=11
CMIR_CACHE row=6 integer=5 queries=20 computations=11
CMIR_CACHE row=9 integer=5 queries=20 computations=10
CMIR_CACHE row=6 integer=5 queries=20 computations=11
CMIR_CACHE row=8 integer=5 queries=20 computations=10
CMIR_CACHE row=6 integer=5 queries=20 computations=11
CMIR_CACHE row=9 integer=5 queries=20 computations=11
CMIR_CACHE row=7 integer=5 queries=20 computations=11
CMIR_CACHE row=6 integer=4 queries=4 computations=4
CMIR_CACHE row=4 integer=4 queries=4 computations=4
CMIR_CACHE row=7 integer=5 queries=20 computations=11
CMIR_CACHE row=71 integer=71 queries=994 computations=94
CMIR_CACHE row=69 integer=69 queries=966 computations=92
CMIR_CACHE row=70 integer=70 queries=910 computations=91
CMIR_CACHE row=72 integer=72 queries=1080 computations=97
CMIR_CACHE row=69 integer=69 queries=1104 computations=97
CMIR_CACHE row=72 integer=72 queries=1152 computations=98
CMIR_CACHE row=71 integer=71 queries=1136 computations=99
CMIR_CACHE row=66 integer=66 queries=660 computations=83
CMIR_CACHE row=70 integer=70 queries=840 computations=90
CMIR_CACHE row=68 integer=68 queries=612 computations=84
CMIR_CACHE row=64 integer=64 queries=640 computations=79
CMIR_CACHE row=59 integer=59 queries=295 computations=65
CMIR_CACHE row=66 integer=66 queries=858 computations=89
CMIR_CACHE row=66 integer=66 queries=858 computations=88
CMIR_CACHE row=71 integer=71 queries=1207 computations=101
CMIR_CACHE row=58 integer=58 queries=464 computations=71
CMIR_CACHE row=64 integer=64 queries=512 computations=78
CMIR_CACHE row=67 integer=67 queries=737 computations=86
CMIR_CACHE row=63 integer=63 queries=630 computations=80
CMIR_CACHE row=58 integer=58 queries=406 computations=69
CMIR_CACHE row=62 integer=62 queries=558 computations=77
CMIR_CACHE row=58 integer=58 queries=406 computations=70
CMIR_CACHE row=59 integer=59 queries=531 computations=75
CMIR_CACHE row=60 integer=60 queries=420 computations=70
CMIR_CACHE row=67 integer=67 queries=804 computations=88
CMIR_CACHE row=66 integer=66 queries=660 computations=84
CMIR_CACHE row=66 integer=66 queries=660 computations=83
CMIR_CACHE row=61 integer=61 queries=488 computations=74
CMIR_CACHE row=59 integer=59 queries=531 computations=74
CMIR_CACHE row=58 integer=58 queries=406 computations=69
CMIR_CACHE row=69 integer=69 queries=966 computations=91
CMIR_CACHE row=58 integer=58 queries=348 computations=68
CMIR_CACHE row=60 integer=60 queries=420 computations=72
CMIR_CACHE row=65 integer=65 queries=520 computations=79
CMIR_CACHE row=69 integer=69 queries=207 computations=72
CMIR_CACHE row=69 integer=69 queries=828 computations=91
CMIR_CACHE row=68 integer=68 queries=816 computations=90
CMIR_CACHE row=66 integer=66 queries=594 computations=81
CMIR_CACHE row=65 integer=65 queries=455 computations=76
CMIR_CACHE row=67 integer=67 queries=670 computations=85
CMIR_CACHE row=65 integer=65 queries=520 computations=79
CMIR_CACHE row=62 integer=62 queries=496 computations=75
CMIR_CACHE row=62 integer=62 queries=372 computations=70
CMIR_CACHE row=57 integer=57 queries=228 computations=62
CMIR_CACHE row=60 integer=60 queries=540 computations=76
CMIR_CACHE row=67 integer=67 queries=603 computations=81
CMIR_CACHE row=66 integer=66 queries=594 computations=81
CMIR_CACHE row=73 integer=73 queries=1095 computations=100
CMIR_CACHE row=64 integer=64 queries=448 computations=76
CMIR_CACHE row=62 integer=62 queries=434 computations=73
 L       0       0         0   0.00%   25778853.85211  25779856.3717      0.00%     2534    164      0       923     0.6s
         1       0         1 100.00%   25778989.96333  25779856.3717      0.00%     2534    164      0      1954     0.6s

Solving report
  Model             gesa2
  Status            Optimal
  Primal bound      25779856.3717
  Dual bound        25778989.9633
  Gap               0.00336% (tolerance: 0.01%)
  P-D integral      0.0562526489492
  Solution status   feasible
                    25779856.3717 (objective)
                    8.881784197e-16 (integrality violation)
  Timing            0.62
                    0.02 (Presolve)
                        MIP    time [calls] = 0.01 [1]
                        subMIP time [calls] = 0.01 [4]
                    0.60 (Solve)
                        MIP    time [calls] = 0.26 [1]
                        subMIP time [calls] = 0.34 [4]
                    0.00 (Postsolve)
                        MIP    time [calls] = 0.00 [1]
                        subMIP time [calls] = 0.00 [4]
  Max sub-MIP depth 8
  Nodes             1
  Repair LPs        0
  LP iterations     1954
                    0 (strong br.)
                    460 (separation)
                    1025 (heuristics)
Writing the solution to /workspace/scuc-campaign/cache-mechanism-ready/gesa2-s1-candidate/point.sol
